instructions,count,audio,trials_14.thisRepN,trials_14.thisTrialN,trials_14.thisN,trials_14.thisIndex,trials_13.thisRepN,trials_13.thisTrialN,trials_13.thisN,trials_13.thisIndex,trials_3.thisRepN,trials_3.thisTrialN,trials_3.thisN,trials_3.thisIndex,Block1.thisRepN,Block1.thisTrialN,Block1.thisN,Block1.thisIndex,trials_5.thisRepN,trials_5.thisTrialN,trials_5.thisN,trials_5.thisIndex,trials.thisRepN,trials.thisTrialN,trials.thisN,trials.thisIndex,trials_7.thisRepN,trials_7.thisTrialN,trials_7.thisN,trials_7.thisIndex,trials_2.thisRepN,trials_2.thisTrialN,trials_2.thisN,trials_2.thisIndex,trials_22.thisRepN,trials_22.thisTrialN,trials_22.thisN,trials_22.thisIndex,trials_16.thisRepN,trials_16.thisTrialN,trials_16.thisN,trials_16.thisIndex,trials_23.thisRepN,trials_23.thisTrialN,trials_23.thisN,trials_23.thisIndex,trials_4.thisRepN,trials_4.thisTrialN,trials_4.thisN,trials_4.thisIndex,trials_8.thisRepN,trials_8.thisTrialN,trials_8.thisN,trials_8.thisIndex,story_list_block1,action_list_block1,key_resp_5.keys,key_resp_5.rt,key_resp_5.started,key_resp_5.stopped,text_87.started,text_87.stopped,text_88.started,text_88.stopped,key_resp_31.keys,key_resp_31.rt,key_resp_31.started,key_resp_31.stopped,text_89.started,text_89.stopped,image_27.started,image_27.stopped,text_97.started,text_97.stopped,image_24.started,image_24.stopped,key_resp_21.keys,key_resp_21.rt,key_resp_21.started,key_resp_21.stopped,text_78.started,text_78.stopped,text_96.started,text_96.stopped,image_28.started,image_28.stopped,key_resp_36.keys,key_resp_36.rt,key_resp_36.started,key_resp_36.stopped,text_94.started,text_94.stopped,text_95.started,text_95.stopped,text_90.started,text_90.stopped,key_resp_32.keys,key_resp_32.rt,key_resp_32.started,key_resp_32.stopped,text_91.started,text_91.stopped,key_resp_33.keys,key_resp_33.rt,key_resp_33.started,key_resp_33.stopped,text_92.started,text_92.stopped,key_resp_34.keys,key_resp_34.rt,key_resp_34.started,key_resp_34.stopped,text_93.started,text_93.stopped,key_resp_35.keys,key_resp_35.rt,key_resp_35.started,key_resp_35.stopped,text_98.started,text_98.stopped,text_99.started,text_99.stopped,key_resp_37.keys,key_resp_37.rt,key_resp_37.started,key_resp_37.stopped,textTrigger.started,textTrigger.stopped,getTrigger.keys,getTrigger.rt,getTrigger.started,getTrigger.stopped,triggerTime,text_76.started,text_76.stopped,text_77.started,text_77.stopped,startWait,endWait,image_23.started,image_23.stopped,text_38.started,text_38.stopped,key_resp_8.keys,key_resp_8.rt,key_resp_8.started,key_resp_8.stopped,text_39.started,text_39.stopped,text.started,text.stopped,text_33.started,text_33.stopped,key_resp_30.keys,key_resp_30.rt,key_resp_30.started,key_resp_30.stopped,text_79.started,text_79.stopped,text_4.started,text_4.stopped,image.started,image.stopped,text_5.started,text_5.stopped,key_resp_22.keys,key_resp_22.rt,key_resp_22.started,key_resp_22.stopped,text_37.started,text_37.stopped,key_resp_7.keys,key_resp_7.rt,key_resp_7.started,key_resp_7.stopped,text_80.started,text_80.stopped,question1_3.started,question1_3.stopped,question2_3.started,question2_3.stopped,question3_3.started,question3_3.stopped,question4_3.started,question4_3.stopped,question5_3.started,question5_3.stopped,question6_3.started,question6_3.stopped,image_16.started,image_16.stopped,text_49.started,text_49.stopped,key_resp_15.keys,key_resp_15.rt,key_resp_15.started,key_resp_15.stopped,text_81.started,text_81.stopped,text_50.started,text_50.stopped,key_resp_14.keys,key_resp_14.rt,key_resp_14.started,key_resp_14.stopped,storyImage_StartTime,storyImage_EndTime,clip_StartTime,clip_EndTime,text_6.started,text_6.stopped,text_52.started,text_52.stopped,text_36.started,text_36.stopped,participant,sA,sB,lA,lB,block_struct,play_stories,block,behavioral,random_seed,date,expName,psychopyVersion,frameRate,
Welcome to the story listening part of the experiment. ,,,0,0,0,0,0,0,0,0,,,,,,,,,,,,,,,,,,,,,,,,,,,,,,,,,,,,,,,,,,,,,[31 33 42 22 13 24 44 11],[2 4 3 3 4 1 1 2],1,6.308924051999838,17.13984692599979,None,17.13984692599979,None,17.13984692599979,None,,,,,,,,,,,,,,,,,,,,,,,,,,,,,,,,,,,,,,,,,,,,,,,,,,,,,,,,,,,,,,,,,,,,,,,,,,,,,,,,,,,,,,,,,,,,,,,,,,,,,,,,,,,,,,,,,,,,,,,,,,,,,,,,,,,,,,,,,,,,,,,,,,,,,,,,022222,1,3,0,1,1,1,1,0,50,2022_Feb_22_0950,listening_fmri,3.2.4,59.85871332399819,
"As a reminder, you will listen to 12 short stories.",,,0,0,0,0,0,1,1,1,,,,,,,,,,,,,,,,,,,,,,,,,,,,,,,,,,,,,,,,,,,,,,,1,2.5496943130001455,23.489079329000106,None,23.489079329000106,None,23.489079329000106,None,,,,,,,,,,,,,,,,,,,,,,,,,,,,,,,,,,,,,,,,,,,,,,,,,,,,,,,,,,,,,,,,,,,,,,,,,,,,,,,,,,,,,,,,,,,,,,,,,,,,,,,,,,,,,,,,,,,,,,,,,,,,,,,,,,,,,,,,,,,,,,,,,,,,,,,,022222,1,3,0,1,1,1,1,0,50,2022_Feb_22_0950,listening_fmri,3.2.4,59.85871332399819,
These stories will be divided into 2 blocks of 6 stories.,,,0,0,0,0,0,2,2,2,,,,,,,,,,,,,,,,,,,,,,,,,,,,,,,,,,,,,,,,,,,,,,,1,2.372692254999947,26.072145565000028,None,26.072145565000028,None,26.072145565000028,None,,,,,,,,,,,,,,,,,,,,,,,,,,,,,,,,,,,,,,,,,,,,,,,,,,,,,,,,,,,,,,,,,,,,,,,,,,,,,,,,,,,,,,,,,,,,,,,,,,,,,,,,,,,,,,,,,,,,,,,,,,,,,,,,,,,,,,,,,,,,,,,,,,,,,,,,022222,1,3,0,1,1,1,1,0,50,2022_Feb_22_0950,listening_fmri,3.2.4,59.85871332399819,
"Before some of the stories, we will ask you to take on the perspective of a job. ",,,0,0,0,0,0,3,3,3,,,,,,,,,,,,,,,,,,,,,,,,,,,,,,,,,,,,,,,,,,,,,,,1,2.886219744999835,28.47877726300021,None,28.47877726300021,None,28.47877726300021,None,,,,,,,,,,,,,,,,,,,,,,,,,,,,,,,,,,,,,,,,,,,,,,,,,,,,,,,,,,,,,,,,,,,,,,,,,,,,,,,,,,,,,,,,,,,,,,,,,,,,,,,,,,,,,,,,,,,,,,,,,,,,,,,,,,,,,,,,,,,,,,,,,,,,,,,,022222,1,3,0,1,1,1,1,0,50,2022_Feb_22_0950,listening_fmri,3.2.4,59.85871332399819,
Please “simulate” this job while you listen to the story that follows.,,,0,0,0,0,0,4,4,4,,,,,,,,,,,,,,,,,,,,,,,,,,,,,,,,,,,,,,,,,,,,,,,1,2.568212226000014,31.411622106999857,None,31.411622106999857,None,31.411622106999857,None,,,,,,,,,,,,,,,,,,,,,,,,,,,,,,,,,,,,,,,,,,,,,,,,,,,,,,,,,,,,,,,,,,,,,,,,,,,,,,,,,,,,,,,,,,,,,,,,,,,,,,,,,,,,,,,,,,,,,,,,,,,,,,,,,,,,,,,,,,,,,,,,,,,,,,,,022222,1,3,0,1,1,1,1,0,50,2022_Feb_22_0950,listening_fmri,3.2.4,59.85871332399819,
"Before you begin, we will go over how to use the button box:",,,0,0,0,0,0,5,5,5,,,,,,,,,,,,,,,,,,,,,,,,,,,,,,,,,,,,,,,,,,,,,,,1,2.4943677000001117,34.028611806999834,None,34.028611806999834,None,34.028611806999834,None,,,,,,,,,,,,,,,,,,,,,,,,,,,,,,,,,,,,,,,,,,,,,,,,,,,,,,,,,,,,,,,,,,,,,,,,,,,,,,,,,,,,,,,,,,,,,,,,,,,,,,,,,,,,,,,,,,,,,,,,,,,,,,,,,,,,,,,,,,,,,,,,,,,,,,,,022222,1,3,0,1,1,1,1,0,50,2022_Feb_22_0950,listening_fmri,3.2.4,59.85871332399819,
"In this experiment, you'll use the first three fingers on each hand to do the quizzes and advance through the experiment. ",,,0,0,0,0,0,6,6,6,,,,,,,,,,,,,,,,,,,,,,,,,,,,,,,,,,,,,,,,,,,,,,,1,4.001886814000045,36.555970780999814,None,36.555970780999814,None,36.555970780999814,None,,,,,,,,,,,,,,,,,,,,,,,,,,,,,,,,,,,,,,,,,,,,,,,,,,,,,,,,,,,,,,,,,,,,,,,,,,,,,,,,,,,,,,,,,,,,,,,,,,,,,,,,,,,,,,,,,,,,,,,,,,,,,,,,,,,,,,,,,,,,,,,,,,,,,,,,022222,1,3,0,1,1,1,1,0,50,2022_Feb_22_0950,listening_fmri,3.2.4,59.85871332399819,
,,,0,0,0,0,,,,,,,,,,,,,,,,,,,,,,,,,,,,,,,,,,,,,,,,,,,,,,,,,,,,,,,,,,,6,8.430876481999803,40.57907179799986,None,40.57907179799986,None,40.57907179799986,None,40.57907179799986,None,49.0399159210001,None,1,2.840870445999826,49.0399159210001,None,49.0399159210001,None,49.0399159210001,None,49.0399159210001,None,1,2.232044519000283,51.922931381000126,None,51.922931381000126,None,51.922931381000126,None,54.18931309399977,None,1,5.959677610000199,54.18931309399977,None,60.17903892999993,None,8,1.2329085090000262,60.17903892999993,None,61.43844092900008,None,6,0.9674147030000313,61.43844092900008,None,62.439327563000006,None,2,1.7766416119998212,62.439327563000006,None,64.23912883699995,None,64.23912883699995,None,2,1.4858394129996668,64.23912883699995,None,,,,,,,,,,,,,,,,,,,,,,,,,,,,,,,,,,,,,,,,,,,,,,,,,,,,,,,,,,,,,,,,,,,,,,,,,,,,,,,,,,,,,,,,,,022222,1,3,0,1,1,1,1,0,50,2022_Feb_22_0950,listening_fmri,3.2.4,59.85871332399819,
,0,,,,,,,,,,0,0,0,0,0,0,0,0,0,0,0,0,0,0,0,0,0,0,0,0,,,,,,,,,,,,,,,,,,,,,,,,,,,,,,,,,,,,,,,,,,,,,,,,,,,,,,,,,,,,,,,,,,,,,,,,,,,,,,,,,,,,,,,,,,,,,,,,,65.75527488399985,None,equal,36.63763678499981,65.75527488399985,None,85.29936938000037,65.75527488399985,None,65.75527488399985,None,0.00049848699973154,5.999044118999791,102.42190342899994,None,108.42800967099993,None,8,1.4649437349999062,108.42800967099993,None,108.42800967099993,None,108.42800967099993,None,109.91203841200013,None,8,0.8488200490000963,109.91203841200013,None,109.91203841200013,None,110.79486295300012,None,110.79486295300012,None,110.79486295300012,None,8,0.9441262450000067,110.79486295300012,None,111.76297706100013,None,8,1.6498272119997637,111.76297706100013,None,111.76297706100013,None,113.52106912799991,None,113.52106912799991,None,113.52106912799991,None,113.52106912799991,None,113.52106912799991,None,113.52106912799991,None,113.52106912799991,None,,,,,,,,,,,,,,,,,,,,,,,,,022222,1,3,0,1,1,1,1,0,50,2022_Feb_22_0950,listening_fmri,3.2.4,59.85871332399819,
,0,,,,,,,,,,0,0,0,0,0,0,0,0,0,0,0,0,0,0,0,0,,,,,,,,,,,,,,,,,,,,,,,,,,,,,,,,,,,,,,,,,,,,,,,,,,,,,,,,,,,,,,,,,,,,,,,,,,,,,,,,,,,,,,,,,,,,,,,,,,,,,,,,,,,,,,,,,,,,,,,,,,,,,,,,,,,,,,129.22087156899988,None,129.22087156899988,None,129.22087156899988,None,1,1.2329165010000906,129.22087156899988,None,,,,,,,,,,,,,,,,,,,,,,,127.1044764090002,None,1,2.0814247839998643,127.1044764090002,None,127.1044764090002,None,,,,,,,,,,,,,,,,,022222,1,3,0,1,1,1,1,0,50,2022_Feb_22_0950,listening_fmri,3.2.4,59.85871332399819,
,0,parcelated_audio/31/31_1.ogg,,,,,,,,,0,0,0,0,0,0,0,0,0,0,0,0,,,,,,,,,,,,,0,0,0,0,0,0,0,0,,,,,,,,,,,,,,,,,,,,,,,,,,,,,,,,,,,,,,,,,,,,,,,,,,,,,,,,,,,,,,,,,,,,,,,,,,,,,,,,,,,,,,,,,,,,,,,,,,,,,,,,,,,,,,,,,,,,,,,,,,,,,,,,,,,,,,,,,,,,,,,,,,,,,,,,,,,,,,130.4618279880001,None,1,1.478142039999966,130.4618279880001,None,29.548038218999864,32.55668739799967,32.56500666199963,41.25247791799984,,,,,,,022222,1,3,0,1,1,1,1,0,50,2022_Feb_22_0950,listening_fmri,3.2.4,59.85871332399819,
,0,parcelated_audio/31/31_2.ogg,,,,,,,,,0,0,0,0,0,0,0,0,0,0,0,0,,,,,,,,,,,,,0,0,0,0,0,1,1,1,,,,,,,,,,,,,,,,,,,,,,,,,,,,,,,,,,,,,,,,,,,,,,,,,,,,,,,,,,,,,,,,,,,,,,,,,,,,,,,,,,,,,,,,,,,,,,,,,,,,,,,,,,,,,,,,,,,,,,,,,,,,,,,,,,,,,,,,,,,,,,,,,,,,,,,,,,,,,,,,,,,,,,41.25297021100005,45.71375025899988,,,,,,,022222,1,3,0,1,1,1,1,0,50,2022_Feb_22_0950,listening_fmri,3.2.4,59.85871332399819,
,0,parcelated_audio/31/31_3.ogg,,,,,,,,,0,0,0,0,0,0,0,0,0,0,0,0,,,,,,,,,,,,,0,0,0,0,0,2,2,2,,,,,,,,,,,,,,,,,,,,,,,,,,,,,,,,,,,,,,,,,,,,,,,,,,,,,,,,,,,,,,,,,,,,,,,,,,,,,,,,,,,,,,,,,,,,,,,,,,,,,,,,,,,,,,,,,,,,,,,,,,,,,,,,,,,,,,,,,,,,,,,,,,,,,,,,,,,,,,,,,,,,,,45.71411274100001,53.99909804899971,,,,,,,022222,1,3,0,1,1,1,1,0,50,2022_Feb_22_0950,listening_fmri,3.2.4,59.85871332399819,
,0,parcelated_audio/31/31_4.ogg,,,,,,,,,0,0,0,0,0,0,0,0,0,0,0,0,,,,,,,,,,,,,0,0,0,0,0,3,3,3,,,,,,,,,,,,,,,,,,,,,,,,,,,,,,,,,,,,,,,,,,,,,,,,,,,,,,,,,,,,,,,,,,,,,,,,,,,,,,,,,,,,,,,,,,,,,,,,,,,,,,,,,,,,,,,,,,,,,,,,,,,,,,,,,,,,,,,,,,,,,,,,,,,,,,,,,,,,,,,,,,,,,,53.99988633799967,64.06709759399973,,,,,,,022222,1,3,0,1,1,1,1,0,50,2022_Feb_22_0950,listening_fmri,3.2.4,59.85871332399819,
,0,parcelated_audio/31/31_5.ogg,,,,,,,,,0,0,0,0,0,0,0,0,0,0,0,0,,,,,,,,,,,,,0,0,0,0,0,4,4,4,,,,,,,,,,,,,,,,,,,,,,,,,,,,,,,,,,,,,,,,,,,,,,,,,,,,,,,,,,,,,,,,,,,,,,,,,,,,,,,,,,,,,,,,,,,,,,,,,,,,,,,,,,,,,,,,,,,,,,,,,,,,,,,,,,,,,,,,,,,,,,,,,,,,,,,,,,,,,,,,,,,,,,64.06791457700001,75.17778104499985,,,,,,,022222,1,3,0,1,1,1,1,0,50,2022_Feb_22_0950,listening_fmri,3.2.4,59.85871332399819,
,0,parcelated_audio/31/31_6.ogg,,,,,,,,,0,0,0,0,0,0,0,0,0,0,0,0,,,,,,,,,,,,,0,0,0,0,0,5,5,5,,,,,,,,,,,,,,,,,,,,,,,,,,,,,,,,,,,,,,,,,,,,,,,,,,,,,,,,,,,,,,,,,,,,,,,,,,,,,,,,,,,,,,,,,,,,,,,,,,,,,,,,,,,,,,,,,,,,,,,,,,,,,,,,,,,,,,,,,,,,,,,,,,,,,,,,,,,,,,,,,,,,,,75.17812081299962,80.49900135899998,,,,,,,022222,1,3,0,1,1,1,1,0,50,2022_Feb_22_0950,listening_fmri,3.2.4,59.85871332399819,
,0,parcelated_audio/31/31_7.ogg,,,,,,,,,0,0,0,0,0,0,0,0,0,0,0,0,,,,,,,,,,,,,0,0,0,0,0,6,6,6,,,,,,,,,,,,,,,,,,,,,,,,,,,,,,,,,,,,,,,,,,,,,,,,,,,,,,,,,,,,,,,,,,,,,,,,,,,,,,,,,,,,,,,,,,,,,,,,,,,,,,,,,,,,,,,,,,,,,,,,,,,,,,,,,,,,,,,,,,,,,,,,,,,,,,,,,,,,,,,,,,,,,,80.4993598889996,85.33707791799998,,,,,,,022222,1,3,0,1,1,1,1,0,50,2022_Feb_22_0950,listening_fmri,3.2.4,59.85871332399819,
,0,parcelated_audio/31/31_8.ogg,,,,,,,,,0,0,0,0,0,0,0,0,0,0,0,0,,,,,,,,,,,,,0,0,0,0,0,7,7,7,,,,,,,,,,,,,,,,,,,,,,,,,,,,,,,,,,,,,,,,,,,,,,,,,,,,,,,,,,,,,,,,,,,,,,,,,,,,,,,,,,,,,,,,,,,,,,,,,,,,,,,,,,,,,,,,,,,,,,,,,,,,,,,,,,,,,,,,,,,,,,,,,,,,,,,,,,,,,,,,,,,,,,85.33744146399977,93.78382008399967,,,,,,,022222,1,3,0,1,1,1,1,0,50,2022_Feb_22_0950,listening_fmri,3.2.4,59.85871332399819,
,0,parcelated_audio/31/31_9.ogg,,,,,,,,,0,0,0,0,0,0,0,0,0,0,0,0,,,,,,,,,,,,,0,0,0,0,0,8,8,8,,,,,,,,,,,,,,,,,,,,,,,,,,,,,,,,,,,,,,,,,,,,,,,,,,,,,,,,,,,,,,,,,,,,,,,,,,,,,,,,,,,,,,,,,,,,,,,,,,,,,,,,,,,,,,,,,,,,,,,,,,,,,,,,,,,,,,,,,,,,,,,,,,,,,,,,,,,,,,,,,,,,,,93.78413222399968,98.85056719799968,,,,,,,022222,1,3,0,1,1,1,1,0,50,2022_Feb_22_0950,listening_fmri,3.2.4,59.85871332399819,
,0,parcelated_audio/31/31_10.ogg,,,,,,,,,0,0,0,0,0,0,0,0,0,0,0,0,,,,,,,,,,,,,0,0,0,0,0,9,9,9,,,,,,,,,,,,,,,,,,,,,,,,,,,,,,,,,,,,,,,,,,,,,,,,,,,,,,,,,,,,,,,,,,,,,,,,,,,,,,,,,,,,,,,,,,,,,,,,,,,,,,,,,,,,,,,,,,,,,,,,,,,,,,,,,,,,,,,,,,,,,,,,,,,,,,,,,,,,,,,,,,,,,,98.85094850899986,104.37107563799964,,,,,,,022222,1,3,0,1,1,1,1,0,50,2022_Feb_22_0950,listening_fmri,3.2.4,59.85871332399819,
,0,parcelated_audio/31/31_11.ogg,,,,,,,,,0,0,0,0,0,0,0,0,0,0,0,0,,,,,,,,,,,,,0,0,0,0,0,10,10,10,,,,,,,,,,,,,,,,,,,,,,,,,,,,,,,,,,,,,,,,,,,,,,,,,,,,,,,,,,,,,,,,,,,,,,,,,,,,,,,,,,,,,,,,,,,,,,,,,,,,,,,,,,,,,,,,,,,,,,,,,,,,,,,,,,,,,,,,,,,,,,,,,,,,,,,,,,,,,,,,,,,,,,104.3715632139997,114.59258929399994,,,,,,,022222,1,3,0,1,1,1,1,0,50,2022_Feb_22_0950,listening_fmri,3.2.4,59.85871332399819,
,0,parcelated_audio/31/31_12.ogg,,,,,,,,,0,0,0,0,0,0,0,0,0,0,0,0,,,,,,,,,,,,,0,0,0,0,0,11,11,11,,,,,,,,,,,,,,,,,,,,,,,,,,,,,,,,,,,,,,,,,,,,,,,,,,,,,,,,,,,,,,,,,,,,,,,,,,,,,,,,,,,,,,,,,,,,,,,,,,,,,,,,,,,,,,,,,,,,,,,,,,,,,,,,,,,,,,,,,,,,,,,,,,,,,,,,,,,,,,,,,,,,,,114.59295005599961,119.37782710800002,,,,,,,022222,1,3,0,1,1,1,1,0,50,2022_Feb_22_0950,listening_fmri,3.2.4,59.85871332399819,
,0,parcelated_audio/31/31_13.ogg,,,,,,,,,0,0,0,0,0,0,0,0,0,0,0,0,,,,,,,,,,,,,0,0,0,0,0,12,12,12,,,,,,,,,,,,,,,,,,,,,,,,,,,,,,,,,,,,,,,,,,,,,,,,,,,,,,,,,,,,,,,,,,,,,,,,,,,,,,,,,,,,,,,,,,,,,,,,,,,,,,,,,,,,,,,,,,,,,,,,,,,,,,,,,,,,,,,,,,,,,,,,,,,,,,,,,,,,,,,,,,,,,,119.37817216199983,126.70836281799984,,,,,,,022222,1,3,0,1,1,1,1,0,50,2022_Feb_22_0950,listening_fmri,3.2.4,59.85871332399819,
,0,parcelated_audio/31/31_14.ogg,,,,,,,,,0,0,0,0,0,0,0,0,0,0,0,0,,,,,,,,,,,,,0,0,0,0,0,13,13,13,,,,,,,,,,,,,,,,,,,,,,,,,,,,,,,,,,,,,,,,,,,,,,,,,,,,,,,,,,,,,,,,,,,,,,,,,,,,,,,,,,,,,,,,,,,,,,,,,,,,,,,,,,,,,,,,,,,,,,,,,,,,,,,,,,,,,,,,,,,,,,,,,,,,,,,,,,,,,,,,,,,,,,126.70872181499999,132.85077022699988,,,,,,,022222,1,3,0,1,1,1,1,0,50,2022_Feb_22_0950,listening_fmri,3.2.4,59.85871332399819,
,0,parcelated_audio/31/31_15.ogg,,,,,,,,,0,0,0,0,0,0,0,0,0,0,0,0,,,,,,,,,,,,,0,0,0,0,0,14,14,14,,,,,,,,,,,,,,,,,,,,,,,,,,,,,,,,,,,,,,,,,,,,,,,,,,,,,,,,,,,,,,,,,,,,,,,,,,,,,,,,,,,,,,,,,,,,,,,,,,,,,,,,,,,,,,,,,,,,,,,,,,,,,,,,,,,,,,,,,,,,,,,,,,,,,,,,,,,,,,,,,,,,,,132.85125880899977,139.55897226599973,,,,,,,022222,1,3,0,1,1,1,1,0,50,2022_Feb_22_0950,listening_fmri,3.2.4,59.85871332399819,
,0,parcelated_audio/31/31_16.ogg,,,,,,,,,0,0,0,0,0,0,0,0,0,0,0,0,,,,,,,,,,,,,0,0,0,0,0,15,15,15,,,,,,,,,,,,,,,,,,,,,,,,,,,,,,,,,,,,,,,,,,,,,,,,,,,,,,,,,,,,,,,,,,,,,,,,,,,,,,,,,,,,,,,,,,,,,,,,,,,,,,,,,,,,,,,,,,,,,,,,,,,,,,,,,,,,,,,,,,,,,,,,,,,,,,,,,,,,,,,,,,,,,,139.5594659809999,145.96916131999978,,,,,,,022222,1,3,0,1,1,1,1,0,50,2022_Feb_22_0950,listening_fmri,3.2.4,59.85871332399819,
,0,parcelated_audio/31/31_17.ogg,,,,,,,,,0,0,0,0,0,0,0,0,0,0,0,0,,,,,,,,,,,,,0,0,0,0,0,16,16,16,,,,,,,,,,,,,,,,,,,,,,,,,,,,,,,,,,,,,,,,,,,,,,,,,,,,,,,,,,,,,,,,,,,,,,,,,,,,,,,,,,,,,,,,,,,,,,,,,,,,,,,,,,,,,,,,,,,,,,,,,,,,,,,,,,,,,,,,,,,,,,,,,,,,,,,,,,,,,,,,,,,,,,145.96951102100002,149.40978766299986,,,,,,,022222,1,3,0,1,1,1,1,0,50,2022_Feb_22_0950,listening_fmri,3.2.4,59.85871332399819,
,0,parcelated_audio/31/31_18.ogg,,,,,,,,,0,0,0,0,0,0,0,0,0,0,0,0,,,,,,,,,,,,,0,0,0,0,0,17,17,17,,,,,,,,,,,,,,,,,,,,,,,,,,,,,,,,,,,,,,,,,,,,,,,,,,,,,,,,,,,,,,,,,,,,,,,,,,,,,,,,,,,,,,,,,,,,,,,,,,,,,,,,,,,,,,,,,,,,,,,,,,,,,,,,,,,,,,,,,,,,,,,,,,,,,,,,,,,,,,,,,,,,,,149.4101370569997,154.1270686109997,,,,,,,022222,1,3,0,1,1,1,1,0,50,2022_Feb_22_0950,listening_fmri,3.2.4,59.85871332399819,
,0,parcelated_audio/31/31_19.ogg,,,,,,,,,0,0,0,0,0,0,0,0,0,0,0,0,,,,,,,,,,,,,0,0,0,0,0,18,18,18,,,,,,,,,,,,,,,,,,,,,,,,,,,,,,,,,,,,,,,,,,,,,,,,,,,,,,,,,,,,,,,,,,,,,,,,,,,,,,,,,,,,,,,,,,,,,,,,,,,,,,,,,,,,,,,,,,,,,,,,,,,,,,,,,,,,,,,,,,,,,,,,,,,,,,,,,,,,,,,,,,,,,,154.12741895599993,162.32716977499967,,,,,,,022222,1,3,0,1,1,1,1,0,50,2022_Feb_22_0950,listening_fmri,3.2.4,59.85871332399819,
,0,parcelated_audio/31/31_20.ogg,,,,,,,,,0,0,0,0,0,0,0,0,0,0,0,0,,,,,,,,,,,,,0,0,0,0,0,19,19,19,,,,,,,,,,,,,,,,,,,,,,,,,,,,,,,,,,,,,,,,,,,,,,,,,,,,,,,,,,,,,,,,,,,,,,,,,,,,,,,,,,,,,,,,,,,,,,,,,,,,,,,,,,,,,,,,,,,,,,,,,,,,,,,,,,,,,,,,,,,,,,,,,,,,,,,,,,,,,,,,,,,,,,162.3276857349997,180.15384808099998,,,,,,,022222,1,3,0,1,1,1,1,0,50,2022_Feb_22_0950,listening_fmri,3.2.4,59.85871332399819,
,0,parcelated_audio/31/31_21.ogg,,,,,,,,,0,0,0,0,0,0,0,0,0,0,0,0,,,,,,,,,,,,,0,0,0,0,0,20,20,20,,,,,,,,,,,,,,,,,,,,,,,,,,,,,,,,,,,,,,,,,,,,,,,,,,,,,,,,,,,,,,,,,,,,,,,,,,,,,,,,,,,,,,,,,,,,,,,,,,,,,,,,,,,,,,,,,,,,,,,,,,,,,,,,,,,,,,,,,,,,,,,,,,,,,,,,,,,,,,,,,,,,,,180.15421133699965,190.4125724759997,,,,,,,022222,1,3,0,1,1,1,1,0,50,2022_Feb_22_0950,listening_fmri,3.2.4,59.85871332399819,
,0,parcelated_audio/31/31_22.ogg,,,,,,,,,0,0,0,0,0,0,0,0,0,0,0,0,,,,,,,,,,,,,0,0,0,0,0,21,21,21,,,,,,,,,,,,,,,,,,,,,,,,,,,,,,,,,,,,,,,,,,,,,,,,,,,,,,,,,,,,,,,,,,,,,,,,,,,,,,,,,,,,,,,,,,,,,,,,,,,,,,,,,,,,,,,,,,,,,,,,,,,,,,,,,,,,,,,,,,,,,,,,,,,,,,,,,,,,,,,,,,,,,,190.41299680099974,196.12964693000004,,,,,,,022222,1,3,0,1,1,1,1,0,50,2022_Feb_22_0950,listening_fmri,3.2.4,59.85871332399819,
,0,parcelated_audio/31/31_23.ogg,,,,,,,,,0,0,0,0,0,0,0,0,0,0,0,0,,,,,,,,,,,,,0,0,0,0,0,22,22,22,,,,,,,,,,,,,,,,,,,,,,,,,,,,,,,,,,,,,,,,,,,,,,,,,,,,,,,,,,,,,,,,,,,,,,,,,,,,,,,,,,,,,,,,,,,,,,,,,,,,,,,,,,,,,,,,,,,,,,,,,,,,,,,,,,,,,,,,,,,,,,,,,,,,,,,,,,,,,,,,,,,,,,196.13001133299986,200.73398431299984,,,,,,,022222,1,3,0,1,1,1,1,0,50,2022_Feb_22_0950,listening_fmri,3.2.4,59.85871332399819,
,0,parcelated_audio/31/31_24.ogg,,,,,,,,,0,0,0,0,0,0,0,0,0,0,0,0,,,,,,,,,,,,,0,0,0,0,0,23,23,23,,,,,,,,,,,,,,,,,,,,,,,,,,,,,,,,,,,,,,,,,,,,,,,,,,,,,,,,,,,,,,,,,,,,,,,,,,,,,,,,,,,,,,,,,,,,,,,,,,,,,,,,,,,,,,,,,,,,,,,,,,,,,,,,,,,,,,,,,,,,,,,,,,,,,,,,,,,,,,,,,,,,,,200.73455830299963,207.60602576899964,,,,,,,022222,1,3,0,1,1,1,1,0,50,2022_Feb_22_0950,listening_fmri,3.2.4,59.85871332399819,
,0,parcelated_audio/31/31_25.ogg,,,,,,,,,0,0,0,0,0,0,0,0,0,0,0,0,,,,,,,,,,,,,0,0,0,0,0,24,24,24,,,,,,,,,,,,,,,,,,,,,,,,,,,,,,,,,,,,,,,,,,,,,,,,,,,,,,,,,,,,,,,,,,,,,,,,,,,,,,,,,,,,,,,,,,,,,,,,,,,,,,,,,,,,,,,,,,,,,,,,,,,,,,,,,,,,,,,,,,,,,,,,,,,,,,,,,,,,,,,,,,,,,,207.6063657349996,219.619165392,,,,,,,022222,1,3,0,1,1,1,1,0,50,2022_Feb_22_0950,listening_fmri,3.2.4,59.85871332399819,
,0,parcelated_audio/31/31_26.ogg,,,,,,,,,0,0,0,0,0,0,0,0,0,0,0,0,,,,,,,,,,,,,0,0,0,0,0,25,25,25,,,,,,,,,,,,,,,,,,,,,,,,,,,,,,,,,,,,,,,,,,,,,,,,,,,,,,,,,,,,,,,,,,,,,,,,,,,,,,,,,,,,,,,,,,,,,,,,,,,,,,,,,,,,,,,,,,,,,,,,,,,,,,,,,,,,,,,,,,,,,,,,,,,,,,,,,,,,,,,,,,,,,,219.6195353019998,227.140439712,,,,,,,022222,1,3,0,1,1,1,1,0,50,2022_Feb_22_0950,listening_fmri,3.2.4,59.85871332399819,
,0,parcelated_audio/31/31_27.ogg,,,,,,,,,0,0,0,0,0,0,0,0,0,0,0,0,,,,,,,,,,,,,0,0,0,0,0,26,26,26,,,,,,,,,,,,,,,,,,,,,,,,,,,,,,,,,,,,,,,,,,,,,,,,,,,,,,,,,,,,,,,,,,,,,,,,,,,,,,,,,,,,,,,,,,,,,,,,,,,,,,,,,,,,,,,,,,,,,,,,,,,,,,,,,,,,,,,,,,,,,,,,,,,,,,,,,,,,,,,,,,,,,,227.14072822299977,231.57782317600004,,,,,,,022222,1,3,0,1,1,1,1,0,50,2022_Feb_22_0950,listening_fmri,3.2.4,59.85871332399819,
,0,parcelated_audio/31/31_28.ogg,,,,,,,,,0,0,0,0,0,0,0,0,0,0,0,0,,,,,,,,,,,,,0,0,0,0,0,27,27,27,,,,,,,,,,,,,,,,,,,,,,,,,,,,,,,,,,,,,,,,,,,,,,,,,,,,,,,,,,,,,,,,,,,,,,,,,,,,,,,,,,,,,,,,,,,,,,,,,,,,,,,,,,,,,,,,,,,,,,,,,,,,,,,,,,,,,,,,,,,,,,,,,,,,,,,,,,,,,,,,,,,,,,231.57865525099987,236.5831028169996,,,,,,,022222,1,3,0,1,1,1,1,0,50,2022_Feb_22_0950,listening_fmri,3.2.4,59.85871332399819,
,0,parcelated_audio/31/31_29.ogg,,,,,,,,,0,0,0,0,0,0,0,0,0,0,0,0,,,,,,,,,,,,,0,0,0,0,0,28,28,28,,,,,,,,,,,,,,,,,,,,,,,,,,,,,,,,,,,,,,,,,,,,,,,,,,,,,,,,,,,,,,,,,,,,,,,,,,,,,,,,,,,,,,,,,,,,,,,,,,,,,,,,,,,,,,,,,,,,,,,,,,,,,,,,,,,,,,,,,,,,,,,,,,,,,,,,,,,,,,,,,,,,,,236.58401117599988,240.94662348999964,,,,,,,022222,1,3,0,1,1,1,1,0,50,2022_Feb_22_0950,listening_fmri,3.2.4,59.85871332399819,
,0,parcelated_audio/31/31_30.ogg,,,,,,,,,0,0,0,0,0,0,0,0,0,0,0,0,,,,,,,,,,,,,0,0,0,0,0,29,29,29,,,,,,,,,,,,,,,,,,,,,,,,,,,,,,,,,,,,,,,,,,,,,,,,,,,,,,,,,,,,,,,,,,,,,,,,,,,,,,,,,,,,,,,,,,,,,,,,,,,,,,,,,,,,,,,,,,,,,,,,,,,,,,,,,,,,,,,,,,,,,,,,,,,,,,,,,,,,,,,,,,,,,,240.9470223469998,244.72501362100002,,,,,,,022222,1,3,0,1,1,1,1,0,50,2022_Feb_22_0950,listening_fmri,3.2.4,59.85871332399819,
,0,parcelated_audio/31/31_31.ogg,,,,,,,,,0,0,0,0,0,0,0,0,0,0,0,0,,,,,,,,,,,,,0,0,0,0,0,30,30,30,,,,,,,,,,,,,,,,,,,,,,,,,,,,,,,,,,,,,,,,,,,,,,,,,,,,,,,,,,,,,,,,,,,,,,,,,,,,,,,,,,,,,,,,,,,,,,,,,,,,,,,,,,,,,,,,,,,,,,,,,,,,,,,,,,,,,,,,,,,,,,,,,,,,,,,,,,,,,,,,,,,,,,244.7253712249999,250.68519725099986,,,,,,,022222,1,3,0,1,1,1,1,0,50,2022_Feb_22_0950,listening_fmri,3.2.4,59.85871332399819,
,0,parcelated_audio/31/31_32.ogg,,,,,,,,,0,0,0,0,0,0,0,0,0,0,0,0,,,,,,,,,,,,,0,0,0,0,0,31,31,31,,,,,,,,,,,,,,,,,,,,,,,,,,,,,,,,,,,,,,,,,,,,,,,,,,,,,,,,,,,,,,,,,,,,,,,,,,,,,,,,,,,,,,,,,,,,,,,,,,,,,,,,,,,,,,,,,,,,,,,,,,,,,,,,,,,,,,,,,,,,,,,,,,,,,,,,,,,,,,,,,,,,,,250.68548306899993,260.64851635399964,,,,,,,022222,1,3,0,1,1,1,1,0,50,2022_Feb_22_0950,listening_fmri,3.2.4,59.85871332399819,
,0,parcelated_audio/31/31_33.ogg,,,,,,,,,0,0,0,0,0,0,0,0,0,0,0,0,,,,,,,,,,,,,0,0,0,0,0,32,32,32,,,,,,,,,,,,,,,,,,,,,,,,,,,,,,,,,,,,,,,,,,,,,,,,,,,,,,,,,,,,,,,,,,,,,,,,,,,,,,,,,,,,,,,,,,,,,,,,,,,,,,,,,,,,,,,,,,,,,,,,,,,,,,,,,,,,,,,,,,,,,,,,,,,,,,,,,,,,,,,,,,,,,,260.6488778189996,269.014624808,,,,,,,022222,1,3,0,1,1,1,1,0,50,2022_Feb_22_0950,listening_fmri,3.2.4,59.85871332399819,
,0,parcelated_audio/31/31_34.ogg,,,,,,,,,0,0,0,0,0,0,0,0,0,0,0,0,,,,,,,,,,,,,0,0,0,0,0,33,33,33,,,,,,,,,,,,,,,,,,,,,,,,,,,,,,,,,,,,,,,,,,,,,,,,,,,,,,,,,,,,,,,,,,,,,,,,,,,,,,,,,,,,,,,,,,,,,,,,,,,,,,,,,,,,,,,,,,,,,,,,,,,,,,,,,,,,,,,,,,,,,,,,,,,,,,,,,,,,,,,,,,,,,,269.0149718589996,273.4071542259999,,,,,,,022222,1,3,0,1,1,1,1,0,50,2022_Feb_22_0950,listening_fmri,3.2.4,59.85871332399819,
,0,parcelated_audio/31/31_35.ogg,,,,,,,,,0,0,0,0,0,0,0,0,0,0,0,0,,,,,,,,,,,,,0,0,0,0,0,34,34,34,,,,,,,,,,,,,,,,,,,,,,,,,,,,,,,,,,,,,,,,,,,,,,,,,,,,,,,,,,,,,,,,,,,,,,,,,,,,,,,,,,,,,,,,,,,,,,,,,,,,,,,,,,,,,,,,,,,,,,,,,,,,,,,,,,,,,,,,,,,,,,,,,,,,,,,,,,,,,,,,,,,,,,273.40751349699985,279.20654799899967,,,,,,,022222,1,3,0,1,1,1,1,0,50,2022_Feb_22_0950,listening_fmri,3.2.4,59.85871332399819,
,0,parcelated_audio/31/31_36.ogg,,,,,,,,,0,0,0,0,0,0,0,0,0,0,0,0,,,,,,,,,,,,,0,0,0,0,0,35,35,35,,,,,,,,,,,,,,,,,,,,,,,,,,,,,,,,,,,,,,,,,,,,,,,,,,,,,,,,,,,,,,,,,,,,,,,,,,,,,,,,,,,,,,,,,,,,,,,,,,,,,,,,,,,,,,,,,,,,,,,,,,,,,,,,,,,,,,,,,,,,,,,,,,,,,,,,,,,,,,,,,,,,,,279.2069415719998,285.53026611899986,,,,,,,022222,1,3,0,1,1,1,1,0,50,2022_Feb_22_0950,listening_fmri,3.2.4,59.85871332399819,
,0,,,,,,,,,,0,0,0,0,0,0,0,0,0,0,0,0,,,,,,,,,,,,,0,0,0,0,,,,,,,,,,,,,,,,,,,,,,,,,,,,,,,,,,,,,,,,,,,,,,,,,,,,,,,,,,,,,,,,,,,,,,,,,,,,,,,,,,,,,,,,,,,,,,,,,,,,,,,,,,,,,,,,,,,,,,,,,,,,,,,,,,,,,,,,,,,,,,,,,,,,,,,,,,,,,,,,,,,,,,,,,,,,,,,,,,022222,1,3,0,1,1,1,1,0,50,2022_Feb_22_0950,listening_fmri,3.2.4,59.85871332399819,
,0,,,,,,,,,,0,0,0,0,0,0,0,0,0,0,0,0,,,,,,,,,,,,,,,,,,,,,,,,,,,,,,,,,,,,,,,,,,,,,,,,,,,,,,,,,,,,,,,,,,,,,,,,,,,,,,,,,,,,,,,,,,,,,,,,,,,,,,,,,,,,,,,,,,,,285.5307013239999,291.5235758109998,387.9462635330001,None,,,,,,,,,,,,,,,,,,,,,,,,,,,,,,,,,,,,,,,,,,,,,,,,,,,,,,,,,,,,,,,,,,,,,393.9465172989999,None,393.9465172989999,None,,,022222,1,3,0,1,1,1,1,0,50,2022_Feb_22_0950,listening_fmri,3.2.4,59.85871332399819,
,0,,,,,,,,,,0,0,0,0,0,0,0,0,,,,,,,,,,,,,,,,,,,,,,,,,,,,,,,,,,,,,,,,,,,,,,,,,,,,,,,,,,,,,,,,,,,,,,,,,,,,,,,,,,,,,,,,,,,,,,,,,,,,,,,,,,,,,,,,,,,,,,,,,,,,,,,,,,,,,,,,,,,,,,,,,,,,,,,,,,,,,,,,,,,,,,,,,,,,,,,,,,,,,,,,,,,,,,,,,,,,,,022222,1,3,0,1,1,1,1,0,50,2022_Feb_22_0950,listening_fmri,3.2.4,59.85871332399819,
,1,parcelated_audio/33/33_1.ogg,,,,,,,,,0,0,0,0,0,1,1,1,0,0,0,0,,,,,,,,,,,,,0,0,0,0,0,0,0,0,,,,,,,,,,,,,,,,,,,,,,,,,,,,,,,,,,,,,,,,,,,,,,,,,,,,,,,,,,,,,,,,,,,,,,,,,,,,,,,,,,,,,,,,,,,,,,,,,,,,394.96837429900006,None,1,1.0214897139999266,394.96837429900006,None,394.96837429900006,None,394.96837429900006,None,,,,,,,,,,,,,,,,,,,,,,,,,,,,,,,,,,,,,,,,,,,,,,,,,396.012791137,None,1,0.9522156240000186,396.012791137,None,294.583133226,297.5902697749998,297.59834259599984,307.56160964499986,,,,,,,022222,1,3,0,1,1,1,1,0,50,2022_Feb_22_0950,listening_fmri,3.2.4,59.85871332399819,
,1,parcelated_audio/33/33_2.ogg,,,,,,,,,0,0,0,0,0,1,1,1,0,0,0,0,,,,,,,,,,,,,0,0,0,0,0,1,1,1,,,,,,,,,,,,,,,,,,,,,,,,,,,,,,,,,,,,,,,,,,,,,,,,,,,,,,,,,,,,,,,,,,,,,,,,,,,,,,,,,,,,,,,,,,,,,,,,,,,,,,,,,,,,,,,,,,,,,,,,,,,,,,,,,,,,,,,,,,,,,,,,,,,,,,,,,,,,,,,,,,,,,,307.56249490799974,318.0058797209999,,,,,,,022222,1,3,0,1,1,1,1,0,50,2022_Feb_22_0950,listening_fmri,3.2.4,59.85871332399819,
,1,parcelated_audio/33/33_3.ogg,,,,,,,,,0,0,0,0,0,1,1,1,0,0,0,0,,,,,,,,,,,,,0,0,0,0,0,2,2,2,,,,,,,,,,,,,,,,,,,,,,,,,,,,,,,,,,,,,,,,,,,,,,,,,,,,,,,,,,,,,,,,,,,,,,,,,,,,,,,,,,,,,,,,,,,,,,,,,,,,,,,,,,,,,,,,,,,,,,,,,,,,,,,,,,,,,,,,,,,,,,,,,,,,,,,,,,,,,,,,,,,,,,318.00623546399993,324.5651709529998,,,,,,,022222,1,3,0,1,1,1,1,0,50,2022_Feb_22_0950,listening_fmri,3.2.4,59.85871332399819,
,1,parcelated_audio/33/33_4.ogg,,,,,,,,,0,0,0,0,0,1,1,1,0,0,0,0,,,,,,,,,,,,,0,0,0,0,0,3,3,3,,,,,,,,,,,,,,,,,,,,,,,,,,,,,,,,,,,,,,,,,,,,,,,,,,,,,,,,,,,,,,,,,,,,,,,,,,,,,,,,,,,,,,,,,,,,,,,,,,,,,,,,,,,,,,,,,,,,,,,,,,,,,,,,,,,,,,,,,,,,,,,,,,,,,,,,,,,,,,,,,,,,,,324.56549761899987,328.15102370999966,,,,,,,022222,1,3,0,1,1,1,1,0,50,2022_Feb_22_0950,listening_fmri,3.2.4,59.85871332399819,
,1,parcelated_audio/33/33_5.ogg,,,,,,,,,0,0,0,0,0,1,1,1,0,0,0,0,,,,,,,,,,,,,0,0,0,0,0,4,4,4,,,,,,,,,,,,,,,,,,,,,,,,,,,,,,,,,,,,,,,,,,,,,,,,,,,,,,,,,,,,,,,,,,,,,,,,,,,,,,,,,,,,,,,,,,,,,,,,,,,,,,,,,,,,,,,,,,,,,,,,,,,,,,,,,,,,,,,,,,,,,,,,,,,,,,,,,,,,,,,,,,,,,,328.15143237699976,339.4070654799998,,,,,,,022222,1,3,0,1,1,1,1,0,50,2022_Feb_22_0950,listening_fmri,3.2.4,59.85871332399819,
,1,parcelated_audio/33/33_6.ogg,,,,,,,,,0,0,0,0,0,1,1,1,0,0,0,0,,,,,,,,,,,,,0,0,0,0,0,5,5,5,,,,,,,,,,,,,,,,,,,,,,,,,,,,,,,,,,,,,,,,,,,,,,,,,,,,,,,,,,,,,,,,,,,,,,,,,,,,,,,,,,,,,,,,,,,,,,,,,,,,,,,,,,,,,,,,,,,,,,,,,,,,,,,,,,,,,,,,,,,,,,,,,,,,,,,,,,,,,,,,,,,,,,339.408077217,351.10312937499975,,,,,,,022222,1,3,0,1,1,1,1,0,50,2022_Feb_22_0950,listening_fmri,3.2.4,59.85871332399819,
,1,parcelated_audio/33/33_7.ogg,,,,,,,,,0,0,0,0,0,1,1,1,0,0,0,0,,,,,,,,,,,,,0,0,0,0,0,6,6,6,,,,,,,,,,,,,,,,,,,,,,,,,,,,,,,,,,,,,,,,,,,,,,,,,,,,,,,,,,,,,,,,,,,,,,,,,,,,,,,,,,,,,,,,,,,,,,,,,,,,,,,,,,,,,,,,,,,,,,,,,,,,,,,,,,,,,,,,,,,,,,,,,,,,,,,,,,,,,,,,,,,,,,351.1034874099996,365.657069717,,,,,,,022222,1,3,0,1,1,1,1,0,50,2022_Feb_22_0950,listening_fmri,3.2.4,59.85871332399819,
,1,parcelated_audio/33/33_8.ogg,,,,,,,,,0,0,0,0,0,1,1,1,0,0,0,0,,,,,,,,,,,,,0,0,0,0,0,7,7,7,,,,,,,,,,,,,,,,,,,,,,,,,,,,,,,,,,,,,,,,,,,,,,,,,,,,,,,,,,,,,,,,,,,,,,,,,,,,,,,,,,,,,,,,,,,,,,,,,,,,,,,,,,,,,,,,,,,,,,,,,,,,,,,,,,,,,,,,,,,,,,,,,,,,,,,,,,,,,,,,,,,,,,365.65749121399995,371.790041276,,,,,,,022222,1,3,0,1,1,1,1,0,50,2022_Feb_22_0950,listening_fmri,3.2.4,59.85871332399819,
,1,parcelated_audio/33/33_9.ogg,,,,,,,,,0,0,0,0,0,1,1,1,0,0,0,0,,,,,,,,,,,,,0,0,0,0,0,8,8,8,,,,,,,,,,,,,,,,,,,,,,,,,,,,,,,,,,,,,,,,,,,,,,,,,,,,,,,,,,,,,,,,,,,,,,,,,,,,,,,,,,,,,,,,,,,,,,,,,,,,,,,,,,,,,,,,,,,,,,,,,,,,,,,,,,,,,,,,,,,,,,,,,,,,,,,,,,,,,,,,,,,,,,371.7904042209998,375.5026828949999,,,,,,,022222,1,3,0,1,1,1,1,0,50,2022_Feb_22_0950,listening_fmri,3.2.4,59.85871332399819,
,1,parcelated_audio/33/33_10.ogg,,,,,,,,,0,0,0,0,0,1,1,1,0,0,0,0,,,,,,,,,,,,,0,0,0,0,0,9,9,9,,,,,,,,,,,,,,,,,,,,,,,,,,,,,,,,,,,,,,,,,,,,,,,,,,,,,,,,,,,,,,,,,,,,,,,,,,,,,,,,,,,,,,,,,,,,,,,,,,,,,,,,,,,,,,,,,,,,,,,,,,,,,,,,,,,,,,,,,,,,,,,,,,,,,,,,,,,,,,,,,,,,,,375.50304899599996,380.8832305429996,,,,,,,022222,1,3,0,1,1,1,1,0,50,2022_Feb_22_0950,listening_fmri,3.2.4,59.85871332399819,
,1,parcelated_audio/33/33_11.ogg,,,,,,,,,0,0,0,0,0,1,1,1,0,0,0,0,,,,,,,,,,,,,0,0,0,0,0,10,10,10,,,,,,,,,,,,,,,,,,,,,,,,,,,,,,,,,,,,,,,,,,,,,,,,,,,,,,,,,,,,,,,,,,,,,,,,,,,,,,,,,,,,,,,,,,,,,,,,,,,,,,,,,,,,,,,,,,,,,,,,,,,,,,,,,,,,,,,,,,,,,,,,,,,,,,,,,,,,,,,,,,,,,,380.8836021549996,395.3028123469999,,,,,,,022222,1,3,0,1,1,1,1,0,50,2022_Feb_22_0950,listening_fmri,3.2.4,59.85871332399819,
,1,parcelated_audio/33/33_12.ogg,,,,,,,,,0,0,0,0,0,1,1,1,0,0,0,0,,,,,,,,,,,,,0,0,0,0,0,11,11,11,,,,,,,,,,,,,,,,,,,,,,,,,,,,,,,,,,,,,,,,,,,,,,,,,,,,,,,,,,,,,,,,,,,,,,,,,,,,,,,,,,,,,,,,,,,,,,,,,,,,,,,,,,,,,,,,,,,,,,,,,,,,,,,,,,,,,,,,,,,,,,,,,,,,,,,,,,,,,,,,,,,,,,395.30318789199964,401.403226766,,,,,,,022222,1,3,0,1,1,1,1,0,50,2022_Feb_22_0950,listening_fmri,3.2.4,59.85871332399819,
,1,parcelated_audio/33/33_13.ogg,,,,,,,,,0,0,0,0,0,1,1,1,0,0,0,0,,,,,,,,,,,,,0,0,0,0,0,12,12,12,,,,,,,,,,,,,,,,,,,,,,,,,,,,,,,,,,,,,,,,,,,,,,,,,,,,,,,,,,,,,,,,,,,,,,,,,,,,,,,,,,,,,,,,,,,,,,,,,,,,,,,,,,,,,,,,,,,,,,,,,,,,,,,,,,,,,,,,,,,,,,,,,,,,,,,,,,,,,,,,,,,,,,401.4038023369999,408.8018579599998,,,,,,,022222,1,3,0,1,1,1,1,0,50,2022_Feb_22_0950,listening_fmri,3.2.4,59.85871332399819,
,1,parcelated_audio/33/33_14.ogg,,,,,,,,,0,0,0,0,0,1,1,1,0,0,0,0,,,,,,,,,,,,,0,0,0,0,0,13,13,13,,,,,,,,,,,,,,,,,,,,,,,,,,,,,,,,,,,,,,,,,,,,,,,,,,,,,,,,,,,,,,,,,,,,,,,,,,,,,,,,,,,,,,,,,,,,,,,,,,,,,,,,,,,,,,,,,,,,,,,,,,,,,,,,,,,,,,,,,,,,,,,,,,,,,,,,,,,,,,,,,,,,,,408.80223077499977,421.22763492199965,,,,,,,022222,1,3,0,1,1,1,1,0,50,2022_Feb_22_0950,listening_fmri,3.2.4,59.85871332399819,
,1,parcelated_audio/33/33_15.ogg,,,,,,,,,0,0,0,0,0,1,1,1,0,0,0,0,,,,,,,,,,,,,0,0,0,0,0,14,14,14,,,,,,,,,,,,,,,,,,,,,,,,,,,,,,,,,,,,,,,,,,,,,,,,,,,,,,,,,,,,,,,,,,,,,,,,,,,,,,,,,,,,,,,,,,,,,,,,,,,,,,,,,,,,,,,,,,,,,,,,,,,,,,,,,,,,,,,,,,,,,,,,,,,,,,,,,,,,,,,,,,,,,,421.22799845500003,439.7722592379996,,,,,,,022222,1,3,0,1,1,1,1,0,50,2022_Feb_22_0950,listening_fmri,3.2.4,59.85871332399819,
,1,parcelated_audio/33/33_16.ogg,,,,,,,,,0,0,0,0,0,1,1,1,0,0,0,0,,,,,,,,,,,,,0,0,0,0,0,15,15,15,,,,,,,,,,,,,,,,,,,,,,,,,,,,,,,,,,,,,,,,,,,,,,,,,,,,,,,,,,,,,,,,,,,,,,,,,,,,,,,,,,,,,,,,,,,,,,,,,,,,,,,,,,,,,,,,,,,,,,,,,,,,,,,,,,,,,,,,,,,,,,,,,,,,,,,,,,,,,,,,,,,,,,439.7726122109998,451.99974092799994,,,,,,,022222,1,3,0,1,1,1,1,0,50,2022_Feb_22_0950,listening_fmri,3.2.4,59.85871332399819,
,1,parcelated_audio/33/33_17.ogg,,,,,,,,,0,0,0,0,0,1,1,1,0,0,0,0,,,,,,,,,,,,,0,0,0,0,0,16,16,16,,,,,,,,,,,,,,,,,,,,,,,,,,,,,,,,,,,,,,,,,,,,,,,,,,,,,,,,,,,,,,,,,,,,,,,,,,,,,,,,,,,,,,,,,,,,,,,,,,,,,,,,,,,,,,,,,,,,,,,,,,,,,,,,,,,,,,,,,,,,,,,,,,,,,,,,,,,,,,,,,,,,,,452.00009497899964,463.21789428199963,,,,,,,022222,1,3,0,1,1,1,1,0,50,2022_Feb_22_0950,listening_fmri,3.2.4,59.85871332399819,
,1,parcelated_audio/33/33_18.ogg,,,,,,,,,0,0,0,0,0,1,1,1,0,0,0,0,,,,,,,,,,,,,0,0,0,0,0,17,17,17,,,,,,,,,,,,,,,,,,,,,,,,,,,,,,,,,,,,,,,,,,,,,,,,,,,,,,,,,,,,,,,,,,,,,,,,,,,,,,,,,,,,,,,,,,,,,,,,,,,,,,,,,,,,,,,,,,,,,,,,,,,,,,,,,,,,,,,,,,,,,,,,,,,,,,,,,,,,,,,,,,,,,,463.21835937900005,471.6733752309997,,,,,,,022222,1,3,0,1,1,1,1,0,50,2022_Feb_22_0950,listening_fmri,3.2.4,59.85871332399819,
,1,parcelated_audio/33/33_19.ogg,,,,,,,,,0,0,0,0,0,1,1,1,0,0,0,0,,,,,,,,,,,,,0,0,0,0,0,18,18,18,,,,,,,,,,,,,,,,,,,,,,,,,,,,,,,,,,,,,,,,,,,,,,,,,,,,,,,,,,,,,,,,,,,,,,,,,,,,,,,,,,,,,,,,,,,,,,,,,,,,,,,,,,,,,,,,,,,,,,,,,,,,,,,,,,,,,,,,,,,,,,,,,,,,,,,,,,,,,,,,,,,,,,471.6737485589997,475.11072284600004,,,,,,,022222,1,3,0,1,1,1,1,0,50,2022_Feb_22_0950,listening_fmri,3.2.4,59.85871332399819,
,1,parcelated_audio/33/33_20.ogg,,,,,,,,,0,0,0,0,0,1,1,1,0,0,0,0,,,,,,,,,,,,,0,0,0,0,0,19,19,19,,,,,,,,,,,,,,,,,,,,,,,,,,,,,,,,,,,,,,,,,,,,,,,,,,,,,,,,,,,,,,,,,,,,,,,,,,,,,,,,,,,,,,,,,,,,,,,,,,,,,,,,,,,,,,,,,,,,,,,,,,,,,,,,,,,,,,,,,,,,,,,,,,,,,,,,,,,,,,,,,,,,,,475.11120064399984,481.9769206629999,,,,,,,022222,1,3,0,1,1,1,1,0,50,2022_Feb_22_0950,listening_fmri,3.2.4,59.85871332399819,
,1,parcelated_audio/33/33_21.ogg,,,,,,,,,0,0,0,0,0,1,1,1,0,0,0,0,,,,,,,,,,,,,0,0,0,0,0,20,20,20,,,,,,,,,,,,,,,,,,,,,,,,,,,,,,,,,,,,,,,,,,,,,,,,,,,,,,,,,,,,,,,,,,,,,,,,,,,,,,,,,,,,,,,,,,,,,,,,,,,,,,,,,,,,,,,,,,,,,,,,,,,,,,,,,,,,,,,,,,,,,,,,,,,,,,,,,,,,,,,,,,,,,,481.97722963199976,486.11645388299985,,,,,,,022222,1,3,0,1,1,1,1,0,50,2022_Feb_22_0950,listening_fmri,3.2.4,59.85871332399819,
,1,parcelated_audio/33/33_22.ogg,,,,,,,,,0,0,0,0,0,1,1,1,0,0,0,0,,,,,,,,,,,,,0,0,0,0,0,21,21,21,,,,,,,,,,,,,,,,,,,,,,,,,,,,,,,,,,,,,,,,,,,,,,,,,,,,,,,,,,,,,,,,,,,,,,,,,,,,,,,,,,,,,,,,,,,,,,,,,,,,,,,,,,,,,,,,,,,,,,,,,,,,,,,,,,,,,,,,,,,,,,,,,,,,,,,,,,,,,,,,,,,,,,486.1169389669999,497.9391751789999,,,,,,,022222,1,3,0,1,1,1,1,0,50,2022_Feb_22_0950,listening_fmri,3.2.4,59.85871332399819,
,1,parcelated_audio/33/33_23.ogg,,,,,,,,,0,0,0,0,0,1,1,1,0,0,0,0,,,,,,,,,,,,,0,0,0,0,0,22,22,22,,,,,,,,,,,,,,,,,,,,,,,,,,,,,,,,,,,,,,,,,,,,,,,,,,,,,,,,,,,,,,,,,,,,,,,,,,,,,,,,,,,,,,,,,,,,,,,,,,,,,,,,,,,,,,,,,,,,,,,,,,,,,,,,,,,,,,,,,,,,,,,,,,,,,,,,,,,,,,,,,,,,,,497.9395427689997,508.42307933699976,,,,,,,022222,1,3,0,1,1,1,1,0,50,2022_Feb_22_0950,listening_fmri,3.2.4,59.85871332399819,
,1,parcelated_audio/33/33_24.ogg,,,,,,,,,0,0,0,0,0,1,1,1,0,0,0,0,,,,,,,,,,,,,0,0,0,0,0,23,23,23,,,,,,,,,,,,,,,,,,,,,,,,,,,,,,,,,,,,,,,,,,,,,,,,,,,,,,,,,,,,,,,,,,,,,,,,,,,,,,,,,,,,,,,,,,,,,,,,,,,,,,,,,,,,,,,,,,,,,,,,,,,,,,,,,,,,,,,,,,,,,,,,,,,,,,,,,,,,,,,,,,,,,,508.423441939,514.6764480939996,,,,,,,022222,1,3,0,1,1,1,1,0,50,2022_Feb_22_0950,listening_fmri,3.2.4,59.85871332399819,
,1,parcelated_audio/33/33_25.ogg,,,,,,,,,0,0,0,0,0,1,1,1,0,0,0,0,,,,,,,,,,,,,0,0,0,0,0,24,24,24,,,,,,,,,,,,,,,,,,,,,,,,,,,,,,,,,,,,,,,,,,,,,,,,,,,,,,,,,,,,,,,,,,,,,,,,,,,,,,,,,,,,,,,,,,,,,,,,,,,,,,,,,,,,,,,,,,,,,,,,,,,,,,,,,,,,,,,,,,,,,,,,,,,,,,,,,,,,,,,,,,,,,,514.6768070769999,522.8732973759998,,,,,,,022222,1,3,0,1,1,1,1,0,50,2022_Feb_22_0950,listening_fmri,3.2.4,59.85871332399819,
,1,parcelated_audio/33/33_26.ogg,,,,,,,,,0,0,0,0,0,1,1,1,0,0,0,0,,,,,,,,,,,,,0,0,0,0,0,25,25,25,,,,,,,,,,,,,,,,,,,,,,,,,,,,,,,,,,,,,,,,,,,,,,,,,,,,,,,,,,,,,,,,,,,,,,,,,,,,,,,,,,,,,,,,,,,,,,,,,,,,,,,,,,,,,,,,,,,,,,,,,,,,,,,,,,,,,,,,,,,,,,,,,,,,,,,,,,,,,,,,,,,,,,522.8736655299999,529.9401812229999,,,,,,,022222,1,3,0,1,1,1,1,0,50,2022_Feb_22_0950,listening_fmri,3.2.4,59.85871332399819,
,1,parcelated_audio/33/33_27.ogg,,,,,,,,,0,0,0,0,0,1,1,1,0,0,0,0,,,,,,,,,,,,,0,0,0,0,0,26,26,26,,,,,,,,,,,,,,,,,,,,,,,,,,,,,,,,,,,,,,,,,,,,,,,,,,,,,,,,,,,,,,,,,,,,,,,,,,,,,,,,,,,,,,,,,,,,,,,,,,,,,,,,,,,,,,,,,,,,,,,,,,,,,,,,,,,,,,,,,,,,,,,,,,,,,,,,,,,,,,,,,,,,,,529.940544996,537.4813408629998,,,,,,,022222,1,3,0,1,1,1,1,0,50,2022_Feb_22_0950,listening_fmri,3.2.4,59.85871332399819,
,1,parcelated_audio/33/33_28.ogg,,,,,,,,,0,0,0,0,0,1,1,1,0,0,0,0,,,,,,,,,,,,,0,0,0,0,0,27,27,27,,,,,,,,,,,,,,,,,,,,,,,,,,,,,,,,,,,,,,,,,,,,,,,,,,,,,,,,,,,,,,,,,,,,,,,,,,,,,,,,,,,,,,,,,,,,,,,,,,,,,,,,,,,,,,,,,,,,,,,,,,,,,,,,,,,,,,,,,,,,,,,,,,,,,,,,,,,,,,,,,,,,,,537.4818310599999,543.1432599139998,,,,,,,022222,1,3,0,1,1,1,1,0,50,2022_Feb_22_0950,listening_fmri,3.2.4,59.85871332399819,
,1,parcelated_audio/33/33_29.ogg,,,,,,,,,0,0,0,0,0,1,1,1,0,0,0,0,,,,,,,,,,,,,0,0,0,0,0,28,28,28,,,,,,,,,,,,,,,,,,,,,,,,,,,,,,,,,,,,,,,,,,,,,,,,,,,,,,,,,,,,,,,,,,,,,,,,,,,,,,,,,,,,,,,,,,,,,,,,,,,,,,,,,,,,,,,,,,,,,,,,,,,,,,,,,,,,,,,,,,,,,,,,,,,,,,,,,,,,,,,,,,,,,,543.1440343309996,551.0525355929999,,,,,,,022222,1,3,0,1,1,1,1,0,50,2022_Feb_22_0950,listening_fmri,3.2.4,59.85871332399819,
,1,parcelated_audio/33/33_30.ogg,,,,,,,,,0,0,0,0,0,1,1,1,0,0,0,0,,,,,,,,,,,,,0,0,0,0,0,29,29,29,,,,,,,,,,,,,,,,,,,,,,,,,,,,,,,,,,,,,,,,,,,,,,,,,,,,,,,,,,,,,,,,,,,,,,,,,,,,,,,,,,,,,,,,,,,,,,,,,,,,,,,,,,,,,,,,,,,,,,,,,,,,,,,,,,,,,,,,,,,,,,,,,,,,,,,,,,,,,,,,,,,,,,551.0528942789997,566.0122074639999,,,,,,,022222,1,3,0,1,1,1,1,0,50,2022_Feb_22_0950,listening_fmri,3.2.4,59.85871332399819,
,1,parcelated_audio/33/33_31.ogg,,,,,,,,,0,0,0,0,0,1,1,1,0,0,0,0,,,,,,,,,,,,,0,0,0,0,0,30,30,30,,,,,,,,,,,,,,,,,,,,,,,,,,,,,,,,,,,,,,,,,,,,,,,,,,,,,,,,,,,,,,,,,,,,,,,,,,,,,,,,,,,,,,,,,,,,,,,,,,,,,,,,,,,,,,,,,,,,,,,,,,,,,,,,,,,,,,,,,,,,,,,,,,,,,,,,,,,,,,,,,,,,,,566.0147661309998,575.8561952539999,,,,,,,022222,1,3,0,1,1,1,1,0,50,2022_Feb_22_0950,listening_fmri,3.2.4,59.85871332399819,
,1,parcelated_audio/33/33_32.ogg,,,,,,,,,0,0,0,0,0,1,1,1,0,0,0,0,,,,,,,,,,,,,0,0,0,0,0,31,31,31,,,,,,,,,,,,,,,,,,,,,,,,,,,,,,,,,,,,,,,,,,,,,,,,,,,,,,,,,,,,,,,,,,,,,,,,,,,,,,,,,,,,,,,,,,,,,,,,,,,,,,,,,,,,,,,,,,,,,,,,,,,,,,,,,,,,,,,,,,,,,,,,,,,,,,,,,,,,,,,,,,,,,,575.8570368599999,581.4701114609998,,,,,,,022222,1,3,0,1,1,1,1,0,50,2022_Feb_22_0950,listening_fmri,3.2.4,59.85871332399819,
,1,,,,,,,,,,0,0,0,0,0,1,1,1,0,0,0,0,,,,,,,,,,,,,0,0,0,0,,,,,,,,,,,,,,,,,,,,,,,,,,,,,,,,,,,,,,,,,,,,,,,,,,,,,,,,,,,,,,,,,,,,,,,,,,,,,,,,,,,,,,,,,,,,,,,,,,,,,,,,,,,,,,,,,,,,,,,,,,,,,,,,,,,,,,,,,,,,,,,,,,,,,,,,,,,,,,,,,,,,,,,,,,,,,,,,,,022222,1,3,0,1,1,1,1,0,50,2022_Feb_22_0950,listening_fmri,3.2.4,59.85871332399819,
,1,,,,,,,,,,0,0,0,0,0,1,1,1,0,0,0,0,,,,,,,,,,,,,,,,,,,,,,,,,,,,,,,,,,,,,,,,,,,,,,,,,,,,,,,,,,,,,,,,,,,,,,,,,,,,,,,,,,,,,,,,,,,,,,,,,,,,,,,,,,,,,,,,,,,,581.4706177629996,587.4570360569996,683.8792430960002,None,,,,,,,,,,,,,,,,,,,,,,,,,,,,,,,,,,,,,,,,,,,,,,,,,,,,,,,,,,,,,,,,,,,,,689.879664263,None,689.879664263,None,,,022222,1,3,0,1,1,1,1,0,50,2022_Feb_22_0950,listening_fmri,3.2.4,59.85871332399819,
,1,,,,,,,,,,0,0,0,0,0,1,1,1,,,,,,,,,,,,,,,,,,,,,,,,,,,,,,,,,,,,,,,,,,,,,,,,,,,,,,,,,,,,,,,,,,,,,,,,,,,,,,,,,,,,,,,,,,,,,,,,,,,,,,,,,,,,,,,,,,,,,,,,,,,,,,,,,,,,,,,,,,,,,,,,,,,,,,,,,,,,,,,,,,,,,,,,,,,,,,,,,,,,,,,,,,,,,,,,,,,,,,022222,1,3,0,1,1,1,1,0,50,2022_Feb_22_0950,listening_fmri,3.2.4,59.85871332399819,
,2,,,,,,,,,,0,0,0,0,0,2,2,2,,,,,,,,,,,,,,,,,,,,,,,,,,,,,,,,,,,,,,,,,,,,,,,,,,,,,,,,,,,,,,,,,,,,,,,,,,,,,,,,,,,,,,,,,,,,,,,,,,,,,,,,,,,,,,,,,,,,,,,,,,,,,,,,,,,,,,,,,,,,,,,,,,,,,,,,,,,,,,,,,,,,,,,,,,,,,,,,,,,,,,,,,,,,,,,,,,,,,,022222,1,3,0,1,1,1,1,0,50,2022_Feb_22_0950,listening_fmri,3.2.4,59.85871332399819,
,3,,,,,,,,,,0,0,0,0,0,3,3,3,,,,,,,,,,,,,,,,,,,,,,,,,,,,,,,,,,,,,,,,,,,,,,,,,,,,,,,,,,,,,,,,,,,,,,,,,,,,,,,,,,,,,,,,,,,,,,,,,,,,,,,,,,,,,,,,,,,,,,,,,,,,,,,,,,,,,,,,,,,,,,,,,,,,,,,,,,,,,,,,,,,,,,,,,,,,,,,,,,,,,,,,,,,,,,,,,,,,,,022222,1,3,0,1,1,1,1,0,50,2022_Feb_22_0950,listening_fmri,3.2.4,59.85871332399819,
,4,parcelated_audio/13/13_1.ogg,,,,,,,,,0,0,0,0,0,4,4,4,0,0,0,0,,,,,,,,,,,,,0,0,0,0,0,0,0,0,,,,,,,,,,,,,,,,,,,,,,,,,,,,,,,,,,,,,,,,,,,,,,,,,,,,,,,,,,,,,,,,,,,,,,,,,,,,,,,,,,,,,,,,,,,,,,,,,,,,690.8964438630001,None,6,1.0594817210003384,690.8964438630001,None,690.8964438630001,None,690.8964438630001,None,,,,,,,,,,,,,,,,,,,,,,,,,,,,,,,,,,,,,,,,,,,,,,,,,691.9797095099998,None,6,2.0660828059999403,691.9797095099998,None,591.6509198649997,594.6578007779999,594.666201088,606.3424815509998,,,,,,,022222,1,3,0,1,1,1,1,0,50,2022_Feb_22_0950,listening_fmri,3.2.4,59.85871332399819,
,4,parcelated_audio/13/13_2.ogg,,,,,,,,,0,0,0,0,0,4,4,4,0,0,0,0,,,,,,,,,,,,,0,0,0,0,0,1,1,1,,,,,,,,,,,,,,,,,,,,,,,,,,,,,,,,,,,,,,,,,,,,,,,,,,,,,,,,,,,,,,,,,,,,,,,,,,,,,,,,,,,,,,,,,,,,,,,,,,,,,,,,,,,,,,,,,,,,,,,,,,,,,,,,,,,,,,,,,,,,,,,,,,,,,,,,,,,,,,,,,,,,,,606.3428583069999,612.4460375389999,,,,,,,022222,1,3,0,1,1,1,1,0,50,2022_Feb_22_0950,listening_fmri,3.2.4,59.85871332399819,
,4,parcelated_audio/13/13_3.ogg,,,,,,,,,0,0,0,0,0,4,4,4,0,0,0,0,,,,,,,,,,,,,0,0,0,0,0,2,2,2,,,,,,,,,,,,,,,,,,,,,,,,,,,,,,,,,,,,,,,,,,,,,,,,,,,,,,,,,,,,,,,,,,,,,,,,,,,,,,,,,,,,,,,,,,,,,,,,,,,,,,,,,,,,,,,,,,,,,,,,,,,,,,,,,,,,,,,,,,,,,,,,,,,,,,,,,,,,,,,,,,,,,,612.4465014459997,620.805143009,,,,,,,022222,1,3,0,1,1,1,1,0,50,2022_Feb_22_0950,listening_fmri,3.2.4,59.85871332399819,
,4,parcelated_audio/13/13_4.ogg,,,,,,,,,0,0,0,0,0,4,4,4,0,0,0,0,,,,,,,,,,,,,0,0,0,0,0,3,3,3,,,,,,,,,,,,,,,,,,,,,,,,,,,,,,,,,,,,,,,,,,,,,,,,,,,,,,,,,,,,,,,,,,,,,,,,,,,,,,,,,,,,,,,,,,,,,,,,,,,,,,,,,,,,,,,,,,,,,,,,,,,,,,,,,,,,,,,,,,,,,,,,,,,,,,,,,,,,,,,,,,,,,,620.8054637199998,631.0401398829999,,,,,,,022222,1,3,0,1,1,1,1,0,50,2022_Feb_22_0950,listening_fmri,3.2.4,59.85871332399819,
,4,parcelated_audio/13/13_5.ogg,,,,,,,,,0,0,0,0,0,4,4,4,0,0,0,0,,,,,,,,,,,,,0,0,0,0,0,4,4,4,,,,,,,,,,,,,,,,,,,,,,,,,,,,,,,,,,,,,,,,,,,,,,,,,,,,,,,,,,,,,,,,,,,,,,,,,,,,,,,,,,,,,,,,,,,,,,,,,,,,,,,,,,,,,,,,,,,,,,,,,,,,,,,,,,,,,,,,,,,,,,,,,,,,,,,,,,,,,,,,,,,,,,631.040499748,637.0765962549999,,,,,,,022222,1,3,0,1,1,1,1,0,50,2022_Feb_22_0950,listening_fmri,3.2.4,59.85871332399819,
,4,parcelated_audio/13/13_6.ogg,,,,,,,,,0,0,0,0,0,4,4,4,0,0,0,0,,,,,,,,,,,,,0,0,0,0,0,5,5,5,,,,,,,,,,,,,,,,,,,,,,,,,,,,,,,,,,,,,,,,,,,,,,,,,,,,,,,,,,,,,,,,,,,,,,,,,,,,,,,,,,,,,,,,,,,,,,,,,,,,,,,,,,,,,,,,,,,,,,,,,,,,,,,,,,,,,,,,,,,,,,,,,,,,,,,,,,,,,,,,,,,,,,637.077172071,641.7769156439999,,,,,,,022222,1,3,0,1,1,1,1,0,50,2022_Feb_22_0950,listening_fmri,3.2.4,59.85871332399819,
,4,parcelated_audio/13/13_7.ogg,,,,,,,,,0,0,0,0,0,4,4,4,0,0,0,0,,,,,,,,,,,,,0,0,0,0,0,6,6,6,,,,,,,,,,,,,,,,,,,,,,,,,,,,,,,,,,,,,,,,,,,,,,,,,,,,,,,,,,,,,,,,,,,,,,,,,,,,,,,,,,,,,,,,,,,,,,,,,,,,,,,,,,,,,,,,,,,,,,,,,,,,,,,,,,,,,,,,,,,,,,,,,,,,,,,,,,,,,,,,,,,,,,641.7774534649998,649.428960022,,,,,,,022222,1,3,0,1,1,1,1,0,50,2022_Feb_22_0950,listening_fmri,3.2.4,59.85871332399819,
,4,parcelated_audio/13/13_8.ogg,,,,,,,,,0,0,0,0,0,4,4,4,0,0,0,0,,,,,,,,,,,,,0,0,0,0,0,7,7,7,,,,,,,,,,,,,,,,,,,,,,,,,,,,,,,,,,,,,,,,,,,,,,,,,,,,,,,,,,,,,,,,,,,,,,,,,,,,,,,,,,,,,,,,,,,,,,,,,,,,,,,,,,,,,,,,,,,,,,,,,,,,,,,,,,,,,,,,,,,,,,,,,,,,,,,,,,,,,,,,,,,,,,649.4292925949999,654.737847637,,,,,,,022222,1,3,0,1,1,1,1,0,50,2022_Feb_22_0950,listening_fmri,3.2.4,59.85871332399819,
,4,parcelated_audio/13/13_9.ogg,,,,,,,,,0,0,0,0,0,4,4,4,0,0,0,0,,,,,,,,,,,,,0,0,0,0,0,8,8,8,,,,,,,,,,,,,,,,,,,,,,,,,,,,,,,,,,,,,,,,,,,,,,,,,,,,,,,,,,,,,,,,,,,,,,,,,,,,,,,,,,,,,,,,,,,,,,,,,,,,,,,,,,,,,,,,,,,,,,,,,,,,,,,,,,,,,,,,,,,,,,,,,,,,,,,,,,,,,,,,,,,,,,654.7382111219999,659.3429424759997,,,,,,,022222,1,3,0,1,1,1,1,0,50,2022_Feb_22_0950,listening_fmri,3.2.4,59.85871332399819,
,4,parcelated_audio/13/13_10.ogg,,,,,,,,,0,0,0,0,0,4,4,4,0,0,0,0,,,,,,,,,,,,,0,0,0,0,0,9,9,9,,,,,,,,,,,,,,,,,,,,,,,,,,,,,,,,,,,,,,,,,,,,,,,,,,,,,,,,,,,,,,,,,,,,,,,,,,,,,,,,,,,,,,,,,,,,,,,,,,,,,,,,,,,,,,,,,,,,,,,,,,,,,,,,,,,,,,,,,,,,,,,,,,,,,,,,,,,,,,,,,,,,,,659.3432793009997,665.1361911409999,,,,,,,022222,1,3,0,1,1,1,1,0,50,2022_Feb_22_0950,listening_fmri,3.2.4,59.85871332399819,
,4,parcelated_audio/13/13_11.ogg,,,,,,,,,0,0,0,0,0,4,4,4,0,0,0,0,,,,,,,,,,,,,0,0,0,0,0,10,10,10,,,,,,,,,,,,,,,,,,,,,,,,,,,,,,,,,,,,,,,,,,,,,,,,,,,,,,,,,,,,,,,,,,,,,,,,,,,,,,,,,,,,,,,,,,,,,,,,,,,,,,,,,,,,,,,,,,,,,,,,,,,,,,,,,,,,,,,,,,,,,,,,,,,,,,,,,,,,,,,,,,,,,,665.1366598639997,669.7456631259997,,,,,,,022222,1,3,0,1,1,1,1,0,50,2022_Feb_22_0950,listening_fmri,3.2.4,59.85871332399819,
,4,parcelated_audio/13/13_12.ogg,,,,,,,,,0,0,0,0,0,4,4,4,0,0,0,0,,,,,,,,,,,,,0,0,0,0,0,11,11,11,,,,,,,,,,,,,,,,,,,,,,,,,,,,,,,,,,,,,,,,,,,,,,,,,,,,,,,,,,,,,,,,,,,,,,,,,,,,,,,,,,,,,,,,,,,,,,,,,,,,,,,,,,,,,,,,,,,,,,,,,,,,,,,,,,,,,,,,,,,,,,,,,,,,,,,,,,,,,,,,,,,,,,669.7460038169997,678.2130603779997,,,,,,,022222,1,3,0,1,1,1,1,0,50,2022_Feb_22_0950,listening_fmri,3.2.4,59.85871332399819,
,4,parcelated_audio/13/13_13.ogg,,,,,,,,,0,0,0,0,0,4,4,4,0,0,0,0,,,,,,,,,,,,,0,0,0,0,0,12,12,12,,,,,,,,,,,,,,,,,,,,,,,,,,,,,,,,,,,,,,,,,,,,,,,,,,,,,,,,,,,,,,,,,,,,,,,,,,,,,,,,,,,,,,,,,,,,,,,,,,,,,,,,,,,,,,,,,,,,,,,,,,,,,,,,,,,,,,,,,,,,,,,,,,,,,,,,,,,,,,,,,,,,,,678.2133437019997,688.1190628149998,,,,,,,022222,1,3,0,1,1,1,1,0,50,2022_Feb_22_0950,listening_fmri,3.2.4,59.85871332399819,
,4,parcelated_audio/13/13_14.ogg,,,,,,,,,0,0,0,0,0,4,4,4,0,0,0,0,,,,,,,,,,,,,0,0,0,0,0,13,13,13,,,,,,,,,,,,,,,,,,,,,,,,,,,,,,,,,,,,,,,,,,,,,,,,,,,,,,,,,,,,,,,,,,,,,,,,,,,,,,,,,,,,,,,,,,,,,,,,,,,,,,,,,,,,,,,,,,,,,,,,,,,,,,,,,,,,,,,,,,,,,,,,,,,,,,,,,,,,,,,,,,,,,,688.1194284929998,696.2872281299997,,,,,,,022222,1,3,0,1,1,1,1,0,50,2022_Feb_22_0950,listening_fmri,3.2.4,59.85871332399819,
,4,parcelated_audio/13/13_15.ogg,,,,,,,,,0,0,0,0,0,4,4,4,0,0,0,0,,,,,,,,,,,,,0,0,0,0,0,14,14,14,,,,,,,,,,,,,,,,,,,,,,,,,,,,,,,,,,,,,,,,,,,,,,,,,,,,,,,,,,,,,,,,,,,,,,,,,,,,,,,,,,,,,,,,,,,,,,,,,,,,,,,,,,,,,,,,,,,,,,,,,,,,,,,,,,,,,,,,,,,,,,,,,,,,,,,,,,,,,,,,,,,,,,696.2875861539997,704.957787196,,,,,,,022222,1,3,0,1,1,1,1,0,50,2022_Feb_22_0950,listening_fmri,3.2.4,59.85871332399819,
,4,parcelated_audio/13/13_16.ogg,,,,,,,,,0,0,0,0,0,4,4,4,0,0,0,0,,,,,,,,,,,,,0,0,0,0,0,15,15,15,,,,,,,,,,,,,,,,,,,,,,,,,,,,,,,,,,,,,,,,,,,,,,,,,,,,,,,,,,,,,,,,,,,,,,,,,,,,,,,,,,,,,,,,,,,,,,,,,,,,,,,,,,,,,,,,,,,,,,,,,,,,,,,,,,,,,,,,,,,,,,,,,,,,,,,,,,,,,,,,,,,,,,704.958121052,707.271033259,,,,,,,022222,1,3,0,1,1,1,1,0,50,2022_Feb_22_0950,listening_fmri,3.2.4,59.85871332399819,
,4,parcelated_audio/13/13_17.ogg,,,,,,,,,0,0,0,0,0,4,4,4,0,0,0,0,,,,,,,,,,,,,0,0,0,0,0,16,16,16,,,,,,,,,,,,,,,,,,,,,,,,,,,,,,,,,,,,,,,,,,,,,,,,,,,,,,,,,,,,,,,,,,,,,,,,,,,,,,,,,,,,,,,,,,,,,,,,,,,,,,,,,,,,,,,,,,,,,,,,,,,,,,,,,,,,,,,,,,,,,,,,,,,,,,,,,,,,,,,,,,,,,,707.2713963389997,714.8445904549999,,,,,,,022222,1,3,0,1,1,1,1,0,50,2022_Feb_22_0950,listening_fmri,3.2.4,59.85871332399819,
,4,parcelated_audio/13/13_18.ogg,,,,,,,,,0,0,0,0,0,4,4,4,0,0,0,0,,,,,,,,,,,,,0,0,0,0,0,17,17,17,,,,,,,,,,,,,,,,,,,,,,,,,,,,,,,,,,,,,,,,,,,,,,,,,,,,,,,,,,,,,,,,,,,,,,,,,,,,,,,,,,,,,,,,,,,,,,,,,,,,,,,,,,,,,,,,,,,,,,,,,,,,,,,,,,,,,,,,,,,,,,,,,,,,,,,,,,,,,,,,,,,,,,714.8449515259999,725.0442423739996,,,,,,,022222,1,3,0,1,1,1,1,0,50,2022_Feb_22_0950,listening_fmri,3.2.4,59.85871332399819,
,4,parcelated_audio/13/13_19.ogg,,,,,,,,,0,0,0,0,0,4,4,4,0,0,0,0,,,,,,,,,,,,,0,0,0,0,0,18,18,18,,,,,,,,,,,,,,,,,,,,,,,,,,,,,,,,,,,,,,,,,,,,,,,,,,,,,,,,,,,,,,,,,,,,,,,,,,,,,,,,,,,,,,,,,,,,,,,,,,,,,,,,,,,,,,,,,,,,,,,,,,,,,,,,,,,,,,,,,,,,,,,,,,,,,,,,,,,,,,,,,,,,,,725.0447628349998,733.0038230179998,,,,,,,022222,1,3,0,1,1,1,1,0,50,2022_Feb_22_0950,listening_fmri,3.2.4,59.85871332399819,
,4,parcelated_audio/13/13_20.ogg,,,,,,,,,0,0,0,0,0,4,4,4,0,0,0,0,,,,,,,,,,,,,0,0,0,0,0,19,19,19,,,,,,,,,,,,,,,,,,,,,,,,,,,,,,,,,,,,,,,,,,,,,,,,,,,,,,,,,,,,,,,,,,,,,,,,,,,,,,,,,,,,,,,,,,,,,,,,,,,,,,,,,,,,,,,,,,,,,,,,,,,,,,,,,,,,,,,,,,,,,,,,,,,,,,,,,,,,,,,,,,,,,,733.0041825889998,738.1842309689996,,,,,,,022222,1,3,0,1,1,1,1,0,50,2022_Feb_22_0950,listening_fmri,3.2.4,59.85871332399819,
,4,parcelated_audio/13/13_21.ogg,,,,,,,,,0,0,0,0,0,4,4,4,0,0,0,0,,,,,,,,,,,,,0,0,0,0,0,20,20,20,,,,,,,,,,,,,,,,,,,,,,,,,,,,,,,,,,,,,,,,,,,,,,,,,,,,,,,,,,,,,,,,,,,,,,,,,,,,,,,,,,,,,,,,,,,,,,,,,,,,,,,,,,,,,,,,,,,,,,,,,,,,,,,,,,,,,,,,,,,,,,,,,,,,,,,,,,,,,,,,,,,,,,738.1846097429998,741.5024474829997,,,,,,,022222,1,3,0,1,1,1,1,0,50,2022_Feb_22_0950,listening_fmri,3.2.4,59.85871332399819,
,4,parcelated_audio/13/13_22.ogg,,,,,,,,,0,0,0,0,0,4,4,4,0,0,0,0,,,,,,,,,,,,,0,0,0,0,0,21,21,21,,,,,,,,,,,,,,,,,,,,,,,,,,,,,,,,,,,,,,,,,,,,,,,,,,,,,,,,,,,,,,,,,,,,,,,,,,,,,,,,,,,,,,,,,,,,,,,,,,,,,,,,,,,,,,,,,,,,,,,,,,,,,,,,,,,,,,,,,,,,,,,,,,,,,,,,,,,,,,,,,,,,,,741.5029383239998,744.9322173679998,,,,,,,022222,1,3,0,1,1,1,1,0,50,2022_Feb_22_0950,listening_fmri,3.2.4,59.85871332399819,
,4,parcelated_audio/13/13_23.ogg,,,,,,,,,0,0,0,0,0,4,4,4,0,0,0,0,,,,,,,,,,,,,0,0,0,0,0,22,22,22,,,,,,,,,,,,,,,,,,,,,,,,,,,,,,,,,,,,,,,,,,,,,,,,,,,,,,,,,,,,,,,,,,,,,,,,,,,,,,,,,,,,,,,,,,,,,,,,,,,,,,,,,,,,,,,,,,,,,,,,,,,,,,,,,,,,,,,,,,,,,,,,,,,,,,,,,,,,,,,,,,,,,,744.9325789259997,750.1930793819997,,,,,,,022222,1,3,0,1,1,1,1,0,50,2022_Feb_22_0950,listening_fmri,3.2.4,59.85871332399819,
,4,parcelated_audio/13/13_24.ogg,,,,,,,,,0,0,0,0,0,4,4,4,0,0,0,0,,,,,,,,,,,,,0,0,0,0,0,23,23,23,,,,,,,,,,,,,,,,,,,,,,,,,,,,,,,,,,,,,,,,,,,,,,,,,,,,,,,,,,,,,,,,,,,,,,,,,,,,,,,,,,,,,,,,,,,,,,,,,,,,,,,,,,,,,,,,,,,,,,,,,,,,,,,,,,,,,,,,,,,,,,,,,,,,,,,,,,,,,,,,,,,,,,750.1934490169997,759.9171246439996,,,,,,,022222,1,3,0,1,1,1,1,0,50,2022_Feb_22_0950,listening_fmri,3.2.4,59.85871332399819,
,4,parcelated_audio/13/13_25.ogg,,,,,,,,,0,0,0,0,0,4,4,4,0,0,0,0,,,,,,,,,,,,,0,0,0,0,0,24,24,24,,,,,,,,,,,,,,,,,,,,,,,,,,,,,,,,,,,,,,,,,,,,,,,,,,,,,,,,,,,,,,,,,,,,,,,,,,,,,,,,,,,,,,,,,,,,,,,,,,,,,,,,,,,,,,,,,,,,,,,,,,,,,,,,,,,,,,,,,,,,,,,,,,,,,,,,,,,,,,,,,,,,,,759.9174079089998,767.219425324,,,,,,,022222,1,3,0,1,1,1,1,0,50,2022_Feb_22_0950,listening_fmri,3.2.4,59.85871332399819,
,4,parcelated_audio/13/13_26.ogg,,,,,,,,,0,0,0,0,0,4,4,4,0,0,0,0,,,,,,,,,,,,,0,0,0,0,0,25,25,25,,,,,,,,,,,,,,,,,,,,,,,,,,,,,,,,,,,,,,,,,,,,,,,,,,,,,,,,,,,,,,,,,,,,,,,,,,,,,,,,,,,,,,,,,,,,,,,,,,,,,,,,,,,,,,,,,,,,,,,,,,,,,,,,,,,,,,,,,,,,,,,,,,,,,,,,,,,,,,,,,,,,,,767.219801443,773.4204931569998,,,,,,,022222,1,3,0,1,1,1,1,0,50,2022_Feb_22_0950,listening_fmri,3.2.4,59.85871332399819,
,4,parcelated_audio/13/13_27.ogg,,,,,,,,,0,0,0,0,0,4,4,4,0,0,0,0,,,,,,,,,,,,,0,0,0,0,0,26,26,26,,,,,,,,,,,,,,,,,,,,,,,,,,,,,,,,,,,,,,,,,,,,,,,,,,,,,,,,,,,,,,,,,,,,,,,,,,,,,,,,,,,,,,,,,,,,,,,,,,,,,,,,,,,,,,,,,,,,,,,,,,,,,,,,,,,,,,,,,,,,,,,,,,,,,,,,,,,,,,,,,,,,,,773.421260092,778.6660165929998,,,,,,,022222,1,3,0,1,1,1,1,0,50,2022_Feb_22_0950,listening_fmri,3.2.4,59.85871332399819,
,4,parcelated_audio/13/13_28.ogg,,,,,,,,,0,0,0,0,0,4,4,4,0,0,0,0,,,,,,,,,,,,,0,0,0,0,0,27,27,27,,,,,,,,,,,,,,,,,,,,,,,,,,,,,,,,,,,,,,,,,,,,,,,,,,,,,,,,,,,,,,,,,,,,,,,,,,,,,,,,,,,,,,,,,,,,,,,,,,,,,,,,,,,,,,,,,,,,,,,,,,,,,,,,,,,,,,,,,,,,,,,,,,,,,,,,,,,,,,,,,,,,,,778.6664846649996,784.099257977,,,,,,,022222,1,3,0,1,1,1,1,0,50,2022_Feb_22_0950,listening_fmri,3.2.4,59.85871332399819,
,4,parcelated_audio/13/13_29.ogg,,,,,,,,,0,0,0,0,0,4,4,4,0,0,0,0,,,,,,,,,,,,,0,0,0,0,0,28,28,28,,,,,,,,,,,,,,,,,,,,,,,,,,,,,,,,,,,,,,,,,,,,,,,,,,,,,,,,,,,,,,,,,,,,,,,,,,,,,,,,,,,,,,,,,,,,,,,,,,,,,,,,,,,,,,,,,,,,,,,,,,,,,,,,,,,,,,,,,,,,,,,,,,,,,,,,,,,,,,,,,,,,,,784.099626274,787.3910950659997,,,,,,,022222,1,3,0,1,1,1,1,0,50,2022_Feb_22_0950,listening_fmri,3.2.4,59.85871332399819,
,4,parcelated_audio/13/13_30.ogg,,,,,,,,,0,0,0,0,0,4,4,4,0,0,0,0,,,,,,,,,,,,,0,0,0,0,0,29,29,29,,,,,,,,,,,,,,,,,,,,,,,,,,,,,,,,,,,,,,,,,,,,,,,,,,,,,,,,,,,,,,,,,,,,,,,,,,,,,,,,,,,,,,,,,,,,,,,,,,,,,,,,,,,,,,,,,,,,,,,,,,,,,,,,,,,,,,,,,,,,,,,,,,,,,,,,,,,,,,,,,,,,,,787.3915224119996,790.9539443619997,,,,,,,022222,1,3,0,1,1,1,1,0,50,2022_Feb_22_0950,listening_fmri,3.2.4,59.85871332399819,
,4,parcelated_audio/13/13_31.ogg,,,,,,,,,0,0,0,0,0,4,4,4,0,0,0,0,,,,,,,,,,,,,0,0,0,0,0,30,30,30,,,,,,,,,,,,,,,,,,,,,,,,,,,,,,,,,,,,,,,,,,,,,,,,,,,,,,,,,,,,,,,,,,,,,,,,,,,,,,,,,,,,,,,,,,,,,,,,,,,,,,,,,,,,,,,,,,,,,,,,,,,,,,,,,,,,,,,,,,,,,,,,,,,,,,,,,,,,,,,,,,,,,,790.95437163,796.904094258,,,,,,,022222,1,3,0,1,1,1,1,0,50,2022_Feb_22_0950,listening_fmri,3.2.4,59.85871332399819,
,4,,,,,,,,,,0,0,0,0,0,4,4,4,0,0,0,0,,,,,,,,,,,,,0,0,0,0,,,,,,,,,,,,,,,,,,,,,,,,,,,,,,,,,,,,,,,,,,,,,,,,,,,,,,,,,,,,,,,,,,,,,,,,,,,,,,,,,,,,,,,,,,,,,,,,,,,,,,,,,,,,,,,,,,,,,,,,,,,,,,,,,,,,,,,,,,,,,,,,,,,,,,,,,,,,,,,,,,,,,,,,,,,,,,,,,,022222,1,3,0,1,1,1,1,0,50,2022_Feb_22_0950,listening_fmri,3.2.4,59.85871332399819,
,4,,,,,,,,,,0,0,0,0,0,4,4,4,0,0,0,0,,,,,,,,,,,,,,,,,,,,,,,,,,,,,,,,,,,,,,,,,,,,,,,,,,,,,,,,,,,,,,,,,,,,,,,,,,,,,,,,,,,,,,,,,,,,,,,,,,,,,,,,,,,,,,,,,,,,796.904614777,802.8914232899997,899.3131179070001,None,,,,,,,,,,,,,,,,,,,,,,,,,,,,,,,,,,,,,,,,,,,,,,,,,,,,,,,,,,,,,,,,,,,,,905.3144431370001,None,905.3144431370001,None,,,022222,1,3,0,1,1,1,1,0,50,2022_Feb_22_0950,listening_fmri,3.2.4,59.85871332399819,
,4,,,,,,,,,,0,0,0,0,0,4,4,4,,,,,,,,,,,,,,,,,,,,,,,,,,,,,,,,,,,,,,,,,,,,,,,,,,,,,,,,,,,,,,,,,,,,,,,,,,,,,,,,,,,,,,,,,,,,,,,,,,,,,,,,,,,,,,,,,,,,,,,,,,,,,,,,,,,,,,,,,,,,,,,,,,,,,,,,,,,,,,,,,,,,,,,,,,,,,,,,,,,,,,,,,,,,,,,,,,,,,,022222,1,3,0,1,1,1,1,0,50,2022_Feb_22_0950,listening_fmri,3.2.4,59.85871332399819,
,5,,,,,,,,,,0,0,0,0,0,5,5,5,0,0,0,0,0,0,0,0,0,0,0,0,,,,,,,,,,,,,,,,,,,,,,,,,,,,,,,,,,,,,,,,,,,,,,,,,,,,,,,,,,,,,,,,,,,,,,,,,,,,,,,,,,,,,,,,,,,,,,,,,,,,,,,,,,,,,,,,906.3453502419998,None,8,0.9796061400002145,906.3453502419998,None,906.3453502419998,None,906.3453502419998,None,907.346467462,None,8,3.601440863999869,907.346467462,None,907.346467462,None,910.9782949300002,None,910.9782949300002,None,910.9782949300002,None,8,1.2865531699999337,910.9782949300002,None,912.2965398910001,None,8,1.388473901999987,912.2965398910001,None,912.2965398910001,None,913.7952763560002,None,913.7952763560002,None,913.7952763560002,None,913.7952763560002,None,913.7952763560002,None,913.7952763560002,None,913.7952763560002,None,,,,,,,,,,,,,,,,,,,,,,,,,022222,1,3,0,1,1,1,1,0,50,2022_Feb_22_0950,listening_fmri,3.2.4,59.85871332399819,
,5,,,,,,,,,,0,0,0,0,0,5,5,5,0,0,0,0,0,0,0,0,,,,,,,,,,,,,,,,,,,,,,,,,,,,,,,,,,,,,,,,,,,,,,,,,,,,,,,,,,,,,,,,,,,,,,,,,,,,,,,,,,,,,,,,,,,,,,,,,,,,,,,,,,,,,,,,,,,,,,,,,,,,,,,,,,,,,,932.178431667,None,932.178431667,None,932.178431667,None,2,0.8314203049999378,932.178431667,None,,,,,,,,,,,,,,,,,,,,,,,930.6607310280001,None,2,1.476248847000079,930.6607310280001,None,930.6607310280001,None,,,,,,,,,,,,,,,,,022222,1,3,0,1,1,1,1,0,50,2022_Feb_22_0950,listening_fmri,3.2.4,59.85871332399819,
,5,parcelated_audio/24/24_1.ogg,,,,,,,,,0,0,0,0,0,5,5,5,0,0,0,0,,,,,,,,,,,,,0,0,0,0,0,0,0,0,,,,,,,,,,,,,,,,,,,,,,,,,,,,,,,,,,,,,,,,,,,,,,,,,,,,,,,,,,,,,,,,,,,,,,,,,,,,,,,,,,,,,,,,,,,,,,,,,,,,,,,,,,,,,,,,,,,,,,,,,,,,,,,,,,,,,,,,,,,,,,,,,,,,,,,,,,,,,,933.0310353169998,None,2,0.6988566889999674,933.0310353169998,None,831.3324308679998,834.3410559049998,834.3600892139998,844.788445574,,,,,,,022222,1,3,0,1,1,1,1,0,50,2022_Feb_22_0950,listening_fmri,3.2.4,59.85871332399819,
,5,parcelated_audio/24/24_2.ogg,,,,,,,,,0,0,0,0,0,5,5,5,0,0,0,0,,,,,,,,,,,,,0,0,0,0,0,1,1,1,,,,,,,,,,,,,,,,,,,,,,,,,,,,,,,,,,,,,,,,,,,,,,,,,,,,,,,,,,,,,,,,,,,,,,,,,,,,,,,,,,,,,,,,,,,,,,,,,,,,,,,,,,,,,,,,,,,,,,,,,,,,,,,,,,,,,,,,,,,,,,,,,,,,,,,,,,,,,,,,,,,,,,844.7889252479999,851.104897312,,,,,,,022222,1,3,0,1,1,1,1,0,50,2022_Feb_22_0950,listening_fmri,3.2.4,59.85871332399819,
,5,parcelated_audio/24/24_3.ogg,,,,,,,,,0,0,0,0,0,5,5,5,0,0,0,0,,,,,,,,,,,,,0,0,0,0,0,2,2,2,,,,,,,,,,,,,,,,,,,,,,,,,,,,,,,,,,,,,,,,,,,,,,,,,,,,,,,,,,,,,,,,,,,,,,,,,,,,,,,,,,,,,,,,,,,,,,,,,,,,,,,,,,,,,,,,,,,,,,,,,,,,,,,,,,,,,,,,,,,,,,,,,,,,,,,,,,,,,,,,,,,,,,851.1053195569998,862.6897457379996,,,,,,,022222,1,3,0,1,1,1,1,0,50,2022_Feb_22_0950,listening_fmri,3.2.4,59.85871332399819,
,5,parcelated_audio/24/24_4.ogg,,,,,,,,,0,0,0,0,0,5,5,5,0,0,0,0,,,,,,,,,,,,,0,0,0,0,0,3,3,3,,,,,,,,,,,,,,,,,,,,,,,,,,,,,,,,,,,,,,,,,,,,,,,,,,,,,,,,,,,,,,,,,,,,,,,,,,,,,,,,,,,,,,,,,,,,,,,,,,,,,,,,,,,,,,,,,,,,,,,,,,,,,,,,,,,,,,,,,,,,,,,,,,,,,,,,,,,,,,,,,,,,,,862.690176137,869.5910085789997,,,,,,,022222,1,3,0,1,1,1,1,0,50,2022_Feb_22_0950,listening_fmri,3.2.4,59.85871332399819,
,5,parcelated_audio/24/24_5.ogg,,,,,,,,,0,0,0,0,0,5,5,5,0,0,0,0,,,,,,,,,,,,,0,0,0,0,0,4,4,4,,,,,,,,,,,,,,,,,,,,,,,,,,,,,,,,,,,,,,,,,,,,,,,,,,,,,,,,,,,,,,,,,,,,,,,,,,,,,,,,,,,,,,,,,,,,,,,,,,,,,,,,,,,,,,,,,,,,,,,,,,,,,,,,,,,,,,,,,,,,,,,,,,,,,,,,,,,,,,,,,,,,,,869.591404969,874.5574043739998,,,,,,,022222,1,3,0,1,1,1,1,0,50,2022_Feb_22_0950,listening_fmri,3.2.4,59.85871332399819,
,5,parcelated_audio/24/24_6.ogg,,,,,,,,,0,0,0,0,0,5,5,5,0,0,0,0,,,,,,,,,,,,,0,0,0,0,0,5,5,5,,,,,,,,,,,,,,,,,,,,,,,,,,,,,,,,,,,,,,,,,,,,,,,,,,,,,,,,,,,,,,,,,,,,,,,,,,,,,,,,,,,,,,,,,,,,,,,,,,,,,,,,,,,,,,,,,,,,,,,,,,,,,,,,,,,,,,,,,,,,,,,,,,,,,,,,,,,,,,,,,,,,,,874.557767749,882.0240454539999,,,,,,,022222,1,3,0,1,1,1,1,0,50,2022_Feb_22_0950,listening_fmri,3.2.4,59.85871332399819,
,5,parcelated_audio/24/24_7.ogg,,,,,,,,,0,0,0,0,0,5,5,5,0,0,0,0,,,,,,,,,,,,,0,0,0,0,0,6,6,6,,,,,,,,,,,,,,,,,,,,,,,,,,,,,,,,,,,,,,,,,,,,,,,,,,,,,,,,,,,,,,,,,,,,,,,,,,,,,,,,,,,,,,,,,,,,,,,,,,,,,,,,,,,,,,,,,,,,,,,,,,,,,,,,,,,,,,,,,,,,,,,,,,,,,,,,,,,,,,,,,,,,,,882.0244606239999,886.4073541119997,,,,,,,022222,1,3,0,1,1,1,1,0,50,2022_Feb_22_0950,listening_fmri,3.2.4,59.85871332399819,
,5,parcelated_audio/24/24_8.ogg,,,,,,,,,0,0,0,0,0,5,5,5,0,0,0,0,,,,,,,,,,,,,0,0,0,0,0,7,7,7,,,,,,,,,,,,,,,,,,,,,,,,,,,,,,,,,,,,,,,,,,,,,,,,,,,,,,,,,,,,,,,,,,,,,,,,,,,,,,,,,,,,,,,,,,,,,,,,,,,,,,,,,,,,,,,,,,,,,,,,,,,,,,,,,,,,,,,,,,,,,,,,,,,,,,,,,,,,,,,,,,,,,,886.407720532,892.4610337099998,,,,,,,022222,1,3,0,1,1,1,1,0,50,2022_Feb_22_0950,listening_fmri,3.2.4,59.85871332399819,
,5,parcelated_audio/24/24_9.ogg,,,,,,,,,0,0,0,0,0,5,5,5,0,0,0,0,,,,,,,,,,,,,0,0,0,0,0,8,8,8,,,,,,,,,,,,,,,,,,,,,,,,,,,,,,,,,,,,,,,,,,,,,,,,,,,,,,,,,,,,,,,,,,,,,,,,,,,,,,,,,,,,,,,,,,,,,,,,,,,,,,,,,,,,,,,,,,,,,,,,,,,,,,,,,,,,,,,,,,,,,,,,,,,,,,,,,,,,,,,,,,,,,,892.4614151009996,896.7990348899998,,,,,,,022222,1,3,0,1,1,1,1,0,50,2022_Feb_22_0950,listening_fmri,3.2.4,59.85871332399819,
,5,parcelated_audio/24/24_10.ogg,,,,,,,,,0,0,0,0,0,5,5,5,0,0,0,0,,,,,,,,,,,,,0,0,0,0,0,9,9,9,,,,,,,,,,,,,,,,,,,,,,,,,,,,,,,,,,,,,,,,,,,,,,,,,,,,,,,,,,,,,,,,,,,,,,,,,,,,,,,,,,,,,,,,,,,,,,,,,,,,,,,,,,,,,,,,,,,,,,,,,,,,,,,,,,,,,,,,,,,,,,,,,,,,,,,,,,,,,,,,,,,,,,896.7993050339996,900.544076185,,,,,,,022222,1,3,0,1,1,1,1,0,50,2022_Feb_22_0950,listening_fmri,3.2.4,59.85871332399819,
,5,parcelated_audio/24/24_11.ogg,,,,,,,,,0,0,0,0,0,5,5,5,0,0,0,0,,,,,,,,,,,,,0,0,0,0,0,10,10,10,,,,,,,,,,,,,,,,,,,,,,,,,,,,,,,,,,,,,,,,,,,,,,,,,,,,,,,,,,,,,,,,,,,,,,,,,,,,,,,,,,,,,,,,,,,,,,,,,,,,,,,,,,,,,,,,,,,,,,,,,,,,,,,,,,,,,,,,,,,,,,,,,,,,,,,,,,,,,,,,,,,,,,900.5444330669998,910.660544069,,,,,,,022222,1,3,0,1,1,1,1,0,50,2022_Feb_22_0950,listening_fmri,3.2.4,59.85871332399819,
,5,parcelated_audio/24/24_12.ogg,,,,,,,,,0,0,0,0,0,5,5,5,0,0,0,0,,,,,,,,,,,,,0,0,0,0,0,11,11,11,,,,,,,,,,,,,,,,,,,,,,,,,,,,,,,,,,,,,,,,,,,,,,,,,,,,,,,,,,,,,,,,,,,,,,,,,,,,,,,,,,,,,,,,,,,,,,,,,,,,,,,,,,,,,,,,,,,,,,,,,,,,,,,,,,,,,,,,,,,,,,,,,,,,,,,,,,,,,,,,,,,,,,910.6610185939999,919.7524756139996,,,,,,,022222,1,3,0,1,1,1,1,0,50,2022_Feb_22_0950,listening_fmri,3.2.4,59.85871332399819,
,5,parcelated_audio/24/24_13.ogg,,,,,,,,,0,0,0,0,0,5,5,5,0,0,0,0,,,,,,,,,,,,,0,0,0,0,0,12,12,12,,,,,,,,,,,,,,,,,,,,,,,,,,,,,,,,,,,,,,,,,,,,,,,,,,,,,,,,,,,,,,,,,,,,,,,,,,,,,,,,,,,,,,,,,,,,,,,,,,,,,,,,,,,,,,,,,,,,,,,,,,,,,,,,,,,,,,,,,,,,,,,,,,,,,,,,,,,,,,,,,,,,,,919.752971763,923.7230470939999,,,,,,,022222,1,3,0,1,1,1,1,0,50,2022_Feb_22_0950,listening_fmri,3.2.4,59.85871332399819,
,5,parcelated_audio/24/24_14.ogg,,,,,,,,,0,0,0,0,0,5,5,5,0,0,0,0,,,,,,,,,,,,,0,0,0,0,0,13,13,13,,,,,,,,,,,,,,,,,,,,,,,,,,,,,,,,,,,,,,,,,,,,,,,,,,,,,,,,,,,,,,,,,,,,,,,,,,,,,,,,,,,,,,,,,,,,,,,,,,,,,,,,,,,,,,,,,,,,,,,,,,,,,,,,,,,,,,,,,,,,,,,,,,,,,,,,,,,,,,,,,,,,,,923.7234101889999,931.108079478,,,,,,,022222,1,3,0,1,1,1,1,0,50,2022_Feb_22_0950,listening_fmri,3.2.4,59.85871332399819,
,5,parcelated_audio/24/24_15.ogg,,,,,,,,,0,0,0,0,0,5,5,5,0,0,0,0,,,,,,,,,,,,,0,0,0,0,0,14,14,14,,,,,,,,,,,,,,,,,,,,,,,,,,,,,,,,,,,,,,,,,,,,,,,,,,,,,,,,,,,,,,,,,,,,,,,,,,,,,,,,,,,,,,,,,,,,,,,,,,,,,,,,,,,,,,,,,,,,,,,,,,,,,,,,,,,,,,,,,,,,,,,,,,,,,,,,,,,,,,,,,,,,,,931.1084148929999,937.6469853069998,,,,,,,022222,1,3,0,1,1,1,1,0,50,2022_Feb_22_0950,listening_fmri,3.2.4,59.85871332399819,
,5,parcelated_audio/24/24_16.ogg,,,,,,,,,0,0,0,0,0,5,5,5,0,0,0,0,,,,,,,,,,,,,0,0,0,0,0,15,15,15,,,,,,,,,,,,,,,,,,,,,,,,,,,,,,,,,,,,,,,,,,,,,,,,,,,,,,,,,,,,,,,,,,,,,,,,,,,,,,,,,,,,,,,,,,,,,,,,,,,,,,,,,,,,,,,,,,,,,,,,,,,,,,,,,,,,,,,,,,,,,,,,,,,,,,,,,,,,,,,,,,,,,,937.647442039,944.866365245,,,,,,,022222,1,3,0,1,1,1,1,0,50,2022_Feb_22_0950,listening_fmri,3.2.4,59.85871332399819,
,5,parcelated_audio/24/24_17.ogg,,,,,,,,,0,0,0,0,0,5,5,5,0,0,0,0,,,,,,,,,,,,,0,0,0,0,0,16,16,16,,,,,,,,,,,,,,,,,,,,,,,,,,,,,,,,,,,,,,,,,,,,,,,,,,,,,,,,,,,,,,,,,,,,,,,,,,,,,,,,,,,,,,,,,,,,,,,,,,,,,,,,,,,,,,,,,,,,,,,,,,,,,,,,,,,,,,,,,,,,,,,,,,,,,,,,,,,,,,,,,,,,,,944.866763645,950.85774425,,,,,,,022222,1,3,0,1,1,1,1,0,50,2022_Feb_22_0950,listening_fmri,3.2.4,59.85871332399819,
,5,parcelated_audio/24/24_18.ogg,,,,,,,,,0,0,0,0,0,5,5,5,0,0,0,0,,,,,,,,,,,,,0,0,0,0,0,17,17,17,,,,,,,,,,,,,,,,,,,,,,,,,,,,,,,,,,,,,,,,,,,,,,,,,,,,,,,,,,,,,,,,,,,,,,,,,,,,,,,,,,,,,,,,,,,,,,,,,,,,,,,,,,,,,,,,,,,,,,,,,,,,,,,,,,,,,,,,,,,,,,,,,,,,,,,,,,,,,,,,,,,,,,950.8581141729996,959.3049094809999,,,,,,,022222,1,3,0,1,1,1,1,0,50,2022_Feb_22_0950,listening_fmri,3.2.4,59.85871332399819,
,5,parcelated_audio/24/24_19.ogg,,,,,,,,,0,0,0,0,0,5,5,5,0,0,0,0,,,,,,,,,,,,,0,0,0,0,0,18,18,18,,,,,,,,,,,,,,,,,,,,,,,,,,,,,,,,,,,,,,,,,,,,,,,,,,,,,,,,,,,,,,,,,,,,,,,,,,,,,,,,,,,,,,,,,,,,,,,,,,,,,,,,,,,,,,,,,,,,,,,,,,,,,,,,,,,,,,,,,,,,,,,,,,,,,,,,,,,,,,,,,,,,,,959.305380065,968.937471359,,,,,,,022222,1,3,0,1,1,1,1,0,50,2022_Feb_22_0950,listening_fmri,3.2.4,59.85871332399819,
,5,parcelated_audio/24/24_20.ogg,,,,,,,,,0,0,0,0,0,5,5,5,0,0,0,0,,,,,,,,,,,,,0,0,0,0,0,19,19,19,,,,,,,,,,,,,,,,,,,,,,,,,,,,,,,,,,,,,,,,,,,,,,,,,,,,,,,,,,,,,,,,,,,,,,,,,,,,,,,,,,,,,,,,,,,,,,,,,,,,,,,,,,,,,,,,,,,,,,,,,,,,,,,,,,,,,,,,,,,,,,,,,,,,,,,,,,,,,,,,,,,,,,968.937834026,973.4258625439998,,,,,,,022222,1,3,0,1,1,1,1,0,50,2022_Feb_22_0950,listening_fmri,3.2.4,59.85871332399819,
,5,parcelated_audio/24/24_21.ogg,,,,,,,,,0,0,0,0,0,5,5,5,0,0,0,0,,,,,,,,,,,,,0,0,0,0,0,20,20,20,,,,,,,,,,,,,,,,,,,,,,,,,,,,,,,,,,,,,,,,,,,,,,,,,,,,,,,,,,,,,,,,,,,,,,,,,,,,,,,,,,,,,,,,,,,,,,,,,,,,,,,,,,,,,,,,,,,,,,,,,,,,,,,,,,,,,,,,,,,,,,,,,,,,,,,,,,,,,,,,,,,,,,973.4262261049998,981.4376821839996,,,,,,,022222,1,3,0,1,1,1,1,0,50,2022_Feb_22_0950,listening_fmri,3.2.4,59.85871332399819,
,5,parcelated_audio/24/24_22.ogg,,,,,,,,,0,0,0,0,0,5,5,5,0,0,0,0,,,,,,,,,,,,,0,0,0,0,0,21,21,21,,,,,,,,,,,,,,,,,,,,,,,,,,,,,,,,,,,,,,,,,,,,,,,,,,,,,,,,,,,,,,,,,,,,,,,,,,,,,,,,,,,,,,,,,,,,,,,,,,,,,,,,,,,,,,,,,,,,,,,,,,,,,,,,,,,,,,,,,,,,,,,,,,,,,,,,,,,,,,,,,,,,,,981.4379997029996,992.0241306529997,,,,,,,022222,1,3,0,1,1,1,1,0,50,2022_Feb_22_0950,listening_fmri,3.2.4,59.85871332399819,
,5,parcelated_audio/24/24_23.ogg,,,,,,,,,0,0,0,0,0,5,5,5,0,0,0,0,,,,,,,,,,,,,0,0,0,0,0,22,22,22,,,,,,,,,,,,,,,,,,,,,,,,,,,,,,,,,,,,,,,,,,,,,,,,,,,,,,,,,,,,,,,,,,,,,,,,,,,,,,,,,,,,,,,,,,,,,,,,,,,,,,,,,,,,,,,,,,,,,,,,,,,,,,,,,,,,,,,,,,,,,,,,,,,,,,,,,,,,,,,,,,,,,,992.0244950719998,1002.2230398799998,,,,,,,022222,1,3,0,1,1,1,1,0,50,2022_Feb_22_0950,listening_fmri,3.2.4,59.85871332399819,
,5,parcelated_audio/24/24_24.ogg,,,,,,,,,0,0,0,0,0,5,5,5,0,0,0,0,,,,,,,,,,,,,0,0,0,0,0,23,23,23,,,,,,,,,,,,,,,,,,,,,,,,,,,,,,,,,,,,,,,,,,,,,,,,,,,,,,,,,,,,,,,,,,,,,,,,,,,,,,,,,,,,,,,,,,,,,,,,,,,,,,,,,,,,,,,,,,,,,,,,,,,,,,,,,,,,,,,,,,,,,,,,,,,,,,,,,,,,,,,,,,,,,,1002.22345047,1008.7885365509997,,,,,,,022222,1,3,0,1,1,1,1,0,50,2022_Feb_22_0950,listening_fmri,3.2.4,59.85871332399819,
,5,parcelated_audio/24/24_25.ogg,,,,,,,,,0,0,0,0,0,5,5,5,0,0,0,0,,,,,,,,,,,,,0,0,0,0,0,24,24,24,,,,,,,,,,,,,,,,,,,,,,,,,,,,,,,,,,,,,,,,,,,,,,,,,,,,,,,,,,,,,,,,,,,,,,,,,,,,,,,,,,,,,,,,,,,,,,,,,,,,,,,,,,,,,,,,,,,,,,,,,,,,,,,,,,,,,,,,,,,,,,,,,,,,,,,,,,,,,,,,,,,,,,1008.789204742,1017.5191535969998,,,,,,,022222,1,3,0,1,1,1,1,0,50,2022_Feb_22_0950,listening_fmri,3.2.4,59.85871332399819,
,5,parcelated_audio/24/24_26.ogg,,,,,,,,,0,0,0,0,0,5,5,5,0,0,0,0,,,,,,,,,,,,,0,0,0,0,0,25,25,25,,,,,,,,,,,,,,,,,,,,,,,,,,,,,,,,,,,,,,,,,,,,,,,,,,,,,,,,,,,,,,,,,,,,,,,,,,,,,,,,,,,,,,,,,,,,,,,,,,,,,,,,,,,,,,,,,,,,,,,,,,,,,,,,,,,,,,,,,,,,,,,,,,,,,,,,,,,,,,,,,,,,,,1017.5194110859998,1024.0831243859998,,,,,,,022222,1,3,0,1,1,1,1,0,50,2022_Feb_22_0950,listening_fmri,3.2.4,59.85871332399819,
,5,parcelated_audio/24/24_27.ogg,,,,,,,,,0,0,0,0,0,5,5,5,0,0,0,0,,,,,,,,,,,,,0,0,0,0,0,26,26,26,,,,,,,,,,,,,,,,,,,,,,,,,,,,,,,,,,,,,,,,,,,,,,,,,,,,,,,,,,,,,,,,,,,,,,,,,,,,,,,,,,,,,,,,,,,,,,,,,,,,,,,,,,,,,,,,,,,,,,,,,,,,,,,,,,,,,,,,,,,,,,,,,,,,,,,,,,,,,,,,,,,,,,1024.0834748829998,1030.2553046519997,,,,,,,022222,1,3,0,1,1,1,1,0,50,2022_Feb_22_0950,listening_fmri,3.2.4,59.85871332399819,
,5,parcelated_audio/24/24_28.ogg,,,,,,,,,0,0,0,0,0,5,5,5,0,0,0,0,,,,,,,,,,,,,0,0,0,0,0,27,27,27,,,,,,,,,,,,,,,,,,,,,,,,,,,,,,,,,,,,,,,,,,,,,,,,,,,,,,,,,,,,,,,,,,,,,,,,,,,,,,,,,,,,,,,,,,,,,,,,,,,,,,,,,,,,,,,,,,,,,,,,,,,,,,,,,,,,,,,,,,,,,,,,,,,,,,,,,,,,,,,,,,,,,,1030.2555682869997,1034.7570313759998,,,,,,,022222,1,3,0,1,1,1,1,0,50,2022_Feb_22_0950,listening_fmri,3.2.4,59.85871332399819,
,5,parcelated_audio/24/24_29.ogg,,,,,,,,,0,0,0,0,0,5,5,5,0,0,0,0,,,,,,,,,,,,,0,0,0,0,0,28,28,28,,,,,,,,,,,,,,,,,,,,,,,,,,,,,,,,,,,,,,,,,,,,,,,,,,,,,,,,,,,,,,,,,,,,,,,,,,,,,,,,,,,,,,,,,,,,,,,,,,,,,,,,,,,,,,,,,,,,,,,,,,,,,,,,,,,,,,,,,,,,,,,,,,,,,,,,,,,,,,,,,,,,,,1034.7573189719997,1041.044275196,,,,,,,022222,1,3,0,1,1,1,1,0,50,2022_Feb_22_0950,listening_fmri,3.2.4,59.85871332399819,
,5,parcelated_audio/24/24_30.ogg,,,,,,,,,0,0,0,0,0,5,5,5,0,0,0,0,,,,,,,,,,,,,0,0,0,0,0,29,29,29,,,,,,,,,,,,,,,,,,,,,,,,,,,,,,,,,,,,,,,,,,,,,,,,,,,,,,,,,,,,,,,,,,,,,,,,,,,,,,,,,,,,,,,,,,,,,,,,,,,,,,,,,,,,,,,,,,,,,,,,,,,,,,,,,,,,,,,,,,,,,,,,,,,,,,,,,,,,,,,,,,,,,,1041.0446341469997,1047.2951089429998,,,,,,,022222,1,3,0,1,1,1,1,0,50,2022_Feb_22_0950,listening_fmri,3.2.4,59.85871332399819,
,5,parcelated_audio/24/24_31.ogg,,,,,,,,,0,0,0,0,0,5,5,5,0,0,0,0,,,,,,,,,,,,,0,0,0,0,0,30,30,30,,,,,,,,,,,,,,,,,,,,,,,,,,,,,,,,,,,,,,,,,,,,,,,,,,,,,,,,,,,,,,,,,,,,,,,,,,,,,,,,,,,,,,,,,,,,,,,,,,,,,,,,,,,,,,,,,,,,,,,,,,,,,,,,,,,,,,,,,,,,,,,,,,,,,,,,,,,,,,,,,,,,,,1047.296000199,1053.955908593,,,,,,,022222,1,3,0,1,1,1,1,0,50,2022_Feb_22_0950,listening_fmri,3.2.4,59.85871332399819,
,5,parcelated_audio/24/24_32.ogg,,,,,,,,,0,0,0,0,0,5,5,5,0,0,0,0,,,,,,,,,,,,,0,0,0,0,0,31,31,31,,,,,,,,,,,,,,,,,,,,,,,,,,,,,,,,,,,,,,,,,,,,,,,,,,,,,,,,,,,,,,,,,,,,,,,,,,,,,,,,,,,,,,,,,,,,,,,,,,,,,,,,,,,,,,,,,,,,,,,,,,,,,,,,,,,,,,,,,,,,,,,,,,,,,,,,,,,,,,,,,,,,,,1053.956275601,1064.7390993899999,,,,,,,022222,1,3,0,1,1,1,1,0,50,2022_Feb_22_0950,listening_fmri,3.2.4,59.85871332399819,
,5,,,,,,,,,,0,0,0,0,0,5,5,5,0,0,0,0,,,,,,,,,,,,,0,0,0,0,,,,,,,,,,,,,,,,,,,,,,,,,,,,,,,,,,,,,,,,,,,,,,,,,,,,,,,,,,,,,,,,,,,,,,,,,,,,,,,,,,,,,,,,,,,,,,,,,,,,,,,,,,,,,,,,,,,,,,,,,,,,,,,,,,,,,,,,,,,,,,,,,,,,,,,,,,,,,,,,,,,,,,,,,,,,,,,,,,022222,1,3,0,1,1,1,1,0,50,2022_Feb_22_0950,listening_fmri,3.2.4,59.85871332399819,
,5,,,,,,,,,,0,0,0,0,0,5,5,5,0,0,0,0,,,,,,,,,,,,,,,,,,,,,,,,,,,,,,,,,,,,,,,,,,,,,,,,,,,,,,,,,,,,,,,,,,,,,,,,,,,,,,,,,,,,,,,,,,,,,,,,,,,,,,,,,,,,,,,,,,,,1064.7396176119996,1070.7421449529998,1167.1584362049998,None,,,,,,,,,,,,,,,,,,,,,,,,,,,,,,,,,,,,,,,,,,,,,,,,,,,,,,,,,,,,,,,,,,,,,1173.1644366710002,None,1173.1644366710002,None,,,022222,1,3,0,1,1,1,1,0,50,2022_Feb_22_0950,listening_fmri,3.2.4,59.85871332399819,
,5,,,,,,,,,,0,0,0,0,0,5,5,5,,,,,,,,,,,,,,,,,,,,,,,,,,,,,,,,,,,,,,,,,,,,,,,,,,,,,,,,,,,,,,,,,,,,,,,,,,,,,,,,,,,,,,,,,,,,,,,,,,,,,,,,,,,,,,,,,,,,,,,,,,,,,,,,,,,,,,,,,,,,,,,,,,,,,,,,,,,,,,,,,,,,,,,,,,,,,,,,,,,,,,,,,,,,,,,,,,,,,,022222,1,3,0,1,1,1,1,0,50,2022_Feb_22_0950,listening_fmri,3.2.4,59.85871332399819,
,6,,,,,,,,,,0,0,0,0,0,6,6,6,0,0,0,0,0,0,0,0,0,0,0,0,,,,,,,,,,,,,,,,,,,,,,,,,,,,,,,,,,,,,,,,,,,,,,,,,,,,,,,,,,,,,,,,,,,,,,,,,,,,,,,,,,,,,,,,,,,,,,,,,,,,,,,,,,,,,,,,1174.197243343,None,7,0.9567114669998773,1174.197243343,None,1174.197243343,None,1174.197243343,None,1175.1814652530002,None,7,0.8003059910001866,1175.1814652530002,None,1175.1814652530002,None,1176.0315813809998,None,1176.0315813809998,None,1176.0315813809998,None,7,0.8073755370000981,1176.0315813809998,None,1176.8641233829999,None,7,0.7347096120001879,1176.8641233829999,None,1176.8641233829999,None,1177.7138656920001,None,1177.7138656920001,None,1177.7138656920001,None,1177.7138656920001,None,1177.7138656920001,None,1177.7138656920001,None,1177.7138656920001,None,,,,,,,,,,,,,,,,,,,,,,,,,022222,1,3,0,1,1,1,1,0,50,2022_Feb_22_0950,listening_fmri,3.2.4,59.85871332399819,
,6,,,,,,,,,,0,0,0,0,0,6,6,6,0,0,0,0,0,0,0,0,,,,,,,,,,,,,,,,,,,,,,,,,,,,,,,,,,,,,,,,,,,,,,,,,,,,,,,,,,,,,,,,,,,,,,,,,,,,,,,,,,,,,,,,,,,,,,,,,,,,,,,,,,,,,,,,,,,,,,,,,,,,,,,,,,,,,,1201.2742848110001,None,1201.2742848110001,None,1201.2742848110001,None,7,0.7665457339999193,1201.2742848110001,None,,,,,,,,,,,,,,,,,,,,,,,1200.1244855099999,None,7,1.1184914339996794,1200.1244855099999,None,1200.1244855099999,None,,,,,,,,,,,,,,,,,022222,1,3,0,1,1,1,1,0,50,2022_Feb_22_0950,listening_fmri,3.2.4,59.85871332399819,
,6,parcelated_audio/44/44_1.ogg,,,,,,,,,0,0,0,0,0,6,6,6,0,0,0,0,,,,,,,,,,,,,0,0,0,0,0,0,0,0,,,,,,,,,,,,,,,,,,,,,,,,,,,,,,,,,,,,,,,,,,,,,,,,,,,,,,,,,,,,,,,,,,,,,,,,,,,,,,,,,,,,,,,,,,,,,,,,,,,,,,,,,,,,,,,,,,,,,,,,,,,,,,,,,,,,,,,,,,,,,,,,,,,,,,,,,,,,,,1202.0641444379999,None,6,2.9458459359998415,1202.0641444379999,None,1102.6164441339997,1105.6245104509999,1105.630027794,1113.5564133029998,,,,,,,022222,1,3,0,1,1,1,1,0,50,2022_Feb_22_0950,listening_fmri,3.2.4,59.85871332399819,
,6,parcelated_audio/44/44_2.ogg,,,,,,,,,0,0,0,0,0,6,6,6,0,0,0,0,,,,,,,,,,,,,0,0,0,0,0,1,1,1,,,,,,,,,,,,,,,,,,,,,,,,,,,,,,,,,,,,,,,,,,,,,,,,,,,,,,,,,,,,,,,,,,,,,,,,,,,,,,,,,,,,,,,,,,,,,,,,,,,,,,,,,,,,,,,,,,,,,,,,,,,,,,,,,,,,,,,,,,,,,,,,,,,,,,,,,,,,,,,,,,,,,,1113.5567861659997,1122.6845174669998,,,,,,,022222,1,3,0,1,1,1,1,0,50,2022_Feb_22_0950,listening_fmri,3.2.4,59.85871332399819,
,6,parcelated_audio/44/44_3.ogg,,,,,,,,,0,0,0,0,0,6,6,6,0,0,0,0,,,,,,,,,,,,,0,0,0,0,0,2,2,2,,,,,,,,,,,,,,,,,,,,,,,,,,,,,,,,,,,,,,,,,,,,,,,,,,,,,,,,,,,,,,,,,,,,,,,,,,,,,,,,,,,,,,,,,,,,,,,,,,,,,,,,,,,,,,,,,,,,,,,,,,,,,,,,,,,,,,,,,,,,,,,,,,,,,,,,,,,,,,,,,,,,,,1122.6848802539998,1128.1241230619999,,,,,,,022222,1,3,0,1,1,1,1,0,50,2022_Feb_22_0950,listening_fmri,3.2.4,59.85871332399819,
,6,parcelated_audio/44/44_4.ogg,,,,,,,,,0,0,0,0,0,6,6,6,0,0,0,0,,,,,,,,,,,,,0,0,0,0,0,3,3,3,,,,,,,,,,,,,,,,,,,,,,,,,,,,,,,,,,,,,,,,,,,,,,,,,,,,,,,,,,,,,,,,,,,,,,,,,,,,,,,,,,,,,,,,,,,,,,,,,,,,,,,,,,,,,,,,,,,,,,,,,,,,,,,,,,,,,,,,,,,,,,,,,,,,,,,,,,,,,,,,,,,,,,1128.124486143,1133.1990956529999,,,,,,,022222,1,3,0,1,1,1,1,0,50,2022_Feb_22_0950,listening_fmri,3.2.4,59.85871332399819,
,6,parcelated_audio/44/44_5.ogg,,,,,,,,,0,0,0,0,0,6,6,6,0,0,0,0,,,,,,,,,,,,,0,0,0,0,0,4,4,4,,,,,,,,,,,,,,,,,,,,,,,,,,,,,,,,,,,,,,,,,,,,,,,,,,,,,,,,,,,,,,,,,,,,,,,,,,,,,,,,,,,,,,,,,,,,,,,,,,,,,,,,,,,,,,,,,,,,,,,,,,,,,,,,,,,,,,,,,,,,,,,,,,,,,,,,,,,,,,,,,,,,,,1133.199460236,1139.451046228,,,,,,,022222,1,3,0,1,1,1,1,0,50,2022_Feb_22_0950,listening_fmri,3.2.4,59.85871332399819,
,6,parcelated_audio/44/44_6.ogg,,,,,,,,,0,0,0,0,0,6,6,6,0,0,0,0,,,,,,,,,,,,,0,0,0,0,0,5,5,5,,,,,,,,,,,,,,,,,,,,,,,,,,,,,,,,,,,,,,,,,,,,,,,,,,,,,,,,,,,,,,,,,,,,,,,,,,,,,,,,,,,,,,,,,,,,,,,,,,,,,,,,,,,,,,,,,,,,,,,,,,,,,,,,,,,,,,,,,,,,,,,,,,,,,,,,,,,,,,,,,,,,,,1139.4515042989997,1146.3964931409996,,,,,,,022222,1,3,0,1,1,1,1,0,50,2022_Feb_22_0950,listening_fmri,3.2.4,59.85871332399819,
,6,parcelated_audio/44/44_7.ogg,,,,,,,,,0,0,0,0,0,6,6,6,0,0,0,0,,,,,,,,,,,,,0,0,0,0,0,6,6,6,,,,,,,,,,,,,,,,,,,,,,,,,,,,,,,,,,,,,,,,,,,,,,,,,,,,,,,,,,,,,,,,,,,,,,,,,,,,,,,,,,,,,,,,,,,,,,,,,,,,,,,,,,,,,,,,,,,,,,,,,,,,,,,,,,,,,,,,,,,,,,,,,,,,,,,,,,,,,,,,,,,,,,1146.396980953,1152.4231821439998,,,,,,,022222,1,3,0,1,1,1,1,0,50,2022_Feb_22_0950,listening_fmri,3.2.4,59.85871332399819,
,6,parcelated_audio/44/44_8.ogg,,,,,,,,,0,0,0,0,0,6,6,6,0,0,0,0,,,,,,,,,,,,,0,0,0,0,0,7,7,7,,,,,,,,,,,,,,,,,,,,,,,,,,,,,,,,,,,,,,,,,,,,,,,,,,,,,,,,,,,,,,,,,,,,,,,,,,,,,,,,,,,,,,,,,,,,,,,,,,,,,,,,,,,,,,,,,,,,,,,,,,,,,,,,,,,,,,,,,,,,,,,,,,,,,,,,,,,,,,,,,,,,,,1152.423614107,1156.703854333,,,,,,,022222,1,3,0,1,1,1,1,0,50,2022_Feb_22_0950,listening_fmri,3.2.4,59.85871332399819,
,6,parcelated_audio/44/44_9.ogg,,,,,,,,,0,0,0,0,0,6,6,6,0,0,0,0,,,,,,,,,,,,,0,0,0,0,0,8,8,8,,,,,,,,,,,,,,,,,,,,,,,,,,,,,,,,,,,,,,,,,,,,,,,,,,,,,,,,,,,,,,,,,,,,,,,,,,,,,,,,,,,,,,,,,,,,,,,,,,,,,,,,,,,,,,,,,,,,,,,,,,,,,,,,,,,,,,,,,,,,,,,,,,,,,,,,,,,,,,,,,,,,,,1156.704236527,1160.4001217359996,,,,,,,022222,1,3,0,1,1,1,1,0,50,2022_Feb_22_0950,listening_fmri,3.2.4,59.85871332399819,
,6,parcelated_audio/44/44_10.ogg,,,,,,,,,0,0,0,0,0,6,6,6,0,0,0,0,,,,,,,,,,,,,0,0,0,0,0,9,9,9,,,,,,,,,,,,,,,,,,,,,,,,,,,,,,,,,,,,,,,,,,,,,,,,,,,,,,,,,,,,,,,,,,,,,,,,,,,,,,,,,,,,,,,,,,,,,,,,,,,,,,,,,,,,,,,,,,,,,,,,,,,,,,,,,,,,,,,,,,,,,,,,,,,,,,,,,,,,,,,,,,,,,,1160.4004017009997,1170.5210978259997,,,,,,,022222,1,3,0,1,1,1,1,0,50,2022_Feb_22_0950,listening_fmri,3.2.4,59.85871332399819,
,6,parcelated_audio/44/44_11.ogg,,,,,,,,,0,0,0,0,0,6,6,6,0,0,0,0,,,,,,,,,,,,,0,0,0,0,0,10,10,10,,,,,,,,,,,,,,,,,,,,,,,,,,,,,,,,,,,,,,,,,,,,,,,,,,,,,,,,,,,,,,,,,,,,,,,,,,,,,,,,,,,,,,,,,,,,,,,,,,,,,,,,,,,,,,,,,,,,,,,,,,,,,,,,,,,,,,,,,,,,,,,,,,,,,,,,,,,,,,,,,,,,,,1170.521463226,1174.0707092479997,,,,,,,022222,1,3,0,1,1,1,1,0,50,2022_Feb_22_0950,listening_fmri,3.2.4,59.85871332399819,
,6,parcelated_audio/44/44_12.ogg,,,,,,,,,0,0,0,0,0,6,6,6,0,0,0,0,,,,,,,,,,,,,0,0,0,0,0,11,11,11,,,,,,,,,,,,,,,,,,,,,,,,,,,,,,,,,,,,,,,,,,,,,,,,,,,,,,,,,,,,,,,,,,,,,,,,,,,,,,,,,,,,,,,,,,,,,,,,,,,,,,,,,,,,,,,,,,,,,,,,,,,,,,,,,,,,,,,,,,,,,,,,,,,,,,,,,,,,,,,,,,,,,,1174.071069438,1184.6570406799997,,,,,,,022222,1,3,0,1,1,1,1,0,50,2022_Feb_22_0950,listening_fmri,3.2.4,59.85871332399819,
,6,parcelated_audio/44/44_13.ogg,,,,,,,,,0,0,0,0,0,6,6,6,0,0,0,0,,,,,,,,,,,,,0,0,0,0,0,12,12,12,,,,,,,,,,,,,,,,,,,,,,,,,,,,,,,,,,,,,,,,,,,,,,,,,,,,,,,,,,,,,,,,,,,,,,,,,,,,,,,,,,,,,,,,,,,,,,,,,,,,,,,,,,,,,,,,,,,,,,,,,,,,,,,,,,,,,,,,,,,,,,,,,,,,,,,,,,,,,,,,,,,,,,1184.6574036379998,1191.8239614989998,,,,,,,022222,1,3,0,1,1,1,1,0,50,2022_Feb_22_0950,listening_fmri,3.2.4,59.85871332399819,
,6,parcelated_audio/44/44_14.ogg,,,,,,,,,0,0,0,0,0,6,6,6,0,0,0,0,,,,,,,,,,,,,0,0,0,0,0,13,13,13,,,,,,,,,,,,,,,,,,,,,,,,,,,,,,,,,,,,,,,,,,,,,,,,,,,,,,,,,,,,,,,,,,,,,,,,,,,,,,,,,,,,,,,,,,,,,,,,,,,,,,,,,,,,,,,,,,,,,,,,,,,,,,,,,,,,,,,,,,,,,,,,,,,,,,,,,,,,,,,,,,,,,,1191.8243177,1198.1309953279997,,,,,,,022222,1,3,0,1,1,1,1,0,50,2022_Feb_22_0950,listening_fmri,3.2.4,59.85871332399819,
,6,parcelated_audio/44/44_15.ogg,,,,,,,,,0,0,0,0,0,6,6,6,0,0,0,0,,,,,,,,,,,,,0,0,0,0,0,14,14,14,,,,,,,,,,,,,,,,,,,,,,,,,,,,,,,,,,,,,,,,,,,,,,,,,,,,,,,,,,,,,,,,,,,,,,,,,,,,,,,,,,,,,,,,,,,,,,,,,,,,,,,,,,,,,,,,,,,,,,,,,,,,,,,,,,,,,,,,,,,,,,,,,,,,,,,,,,,,,,,,,,,,,,1198.1319186299997,1202.206112025,,,,,,,022222,1,3,0,1,1,1,1,0,50,2022_Feb_22_0950,listening_fmri,3.2.4,59.85871332399819,
,6,parcelated_audio/44/44_16.ogg,,,,,,,,,0,0,0,0,0,6,6,6,0,0,0,0,,,,,,,,,,,,,0,0,0,0,0,15,15,15,,,,,,,,,,,,,,,,,,,,,,,,,,,,,,,,,,,,,,,,,,,,,,,,,,,,,,,,,,,,,,,,,,,,,,,,,,,,,,,,,,,,,,,,,,,,,,,,,,,,,,,,,,,,,,,,,,,,,,,,,,,,,,,,,,,,,,,,,,,,,,,,,,,,,,,,,,,,,,,,,,,,,,1202.2064662489997,1206.2210163759996,,,,,,,022222,1,3,0,1,1,1,1,0,50,2022_Feb_22_0950,listening_fmri,3.2.4,59.85871332399819,
,6,parcelated_audio/44/44_17.ogg,,,,,,,,,0,0,0,0,0,6,6,6,0,0,0,0,,,,,,,,,,,,,0,0,0,0,0,16,16,16,,,,,,,,,,,,,,,,,,,,,,,,,,,,,,,,,,,,,,,,,,,,,,,,,,,,,,,,,,,,,,,,,,,,,,,,,,,,,,,,,,,,,,,,,,,,,,,,,,,,,,,,,,,,,,,,,,,,,,,,,,,,,,,,,,,,,,,,,,,,,,,,,,,,,,,,,,,,,,,,,,,,,,1206.221413879,1214.70322059,,,,,,,022222,1,3,0,1,1,1,1,0,50,2022_Feb_22_0950,listening_fmri,3.2.4,59.85871332399819,
,6,parcelated_audio/44/44_18.ogg,,,,,,,,,0,0,0,0,0,6,6,6,0,0,0,0,,,,,,,,,,,,,0,0,0,0,0,17,17,17,,,,,,,,,,,,,,,,,,,,,,,,,,,,,,,,,,,,,,,,,,,,,,,,,,,,,,,,,,,,,,,,,,,,,,,,,,,,,,,,,,,,,,,,,,,,,,,,,,,,,,,,,,,,,,,,,,,,,,,,,,,,,,,,,,,,,,,,,,,,,,,,,,,,,,,,,,,,,,,,,,,,,,1214.7037107779997,1224.5483130829998,,,,,,,022222,1,3,0,1,1,1,1,0,50,2022_Feb_22_0950,listening_fmri,3.2.4,59.85871332399819,
,6,parcelated_audio/44/44_19.ogg,,,,,,,,,0,0,0,0,0,6,6,6,0,0,0,0,,,,,,,,,,,,,0,0,0,0,0,18,18,18,,,,,,,,,,,,,,,,,,,,,,,,,,,,,,,,,,,,,,,,,,,,,,,,,,,,,,,,,,,,,,,,,,,,,,,,,,,,,,,,,,,,,,,,,,,,,,,,,,,,,,,,,,,,,,,,,,,,,,,,,,,,,,,,,,,,,,,,,,,,,,,,,,,,,,,,,,,,,,,,,,,,,,1224.5486754959998,1235.5400741069998,,,,,,,022222,1,3,0,1,1,1,1,0,50,2022_Feb_22_0950,listening_fmri,3.2.4,59.85871332399819,
,6,parcelated_audio/44/44_20.ogg,,,,,,,,,0,0,0,0,0,6,6,6,0,0,0,0,,,,,,,,,,,,,0,0,0,0,0,19,19,19,,,,,,,,,,,,,,,,,,,,,,,,,,,,,,,,,,,,,,,,,,,,,,,,,,,,,,,,,,,,,,,,,,,,,,,,,,,,,,,,,,,,,,,,,,,,,,,,,,,,,,,,,,,,,,,,,,,,,,,,,,,,,,,,,,,,,,,,,,,,,,,,,,,,,,,,,,,,,,,,,,,,,,1235.5404393079998,1243.7645284709997,,,,,,,022222,1,3,0,1,1,1,1,0,50,2022_Feb_22_0950,listening_fmri,3.2.4,59.85871332399819,
,6,parcelated_audio/44/44_21.ogg,,,,,,,,,0,0,0,0,0,6,6,6,0,0,0,0,,,,,,,,,,,,,0,0,0,0,0,20,20,20,,,,,,,,,,,,,,,,,,,,,,,,,,,,,,,,,,,,,,,,,,,,,,,,,,,,,,,,,,,,,,,,,,,,,,,,,,,,,,,,,,,,,,,,,,,,,,,,,,,,,,,,,,,,,,,,,,,,,,,,,,,,,,,,,,,,,,,,,,,,,,,,,,,,,,,,,,,,,,,,,,,,,,1243.764884405,1252.669225092,,,,,,,022222,1,3,0,1,1,1,1,0,50,2022_Feb_22_0950,listening_fmri,3.2.4,59.85871332399819,
,6,parcelated_audio/44/44_22.ogg,,,,,,,,,0,0,0,0,0,6,6,6,0,0,0,0,,,,,,,,,,,,,0,0,0,0,0,21,21,21,,,,,,,,,,,,,,,,,,,,,,,,,,,,,,,,,,,,,,,,,,,,,,,,,,,,,,,,,,,,,,,,,,,,,,,,,,,,,,,,,,,,,,,,,,,,,,,,,,,,,,,,,,,,,,,,,,,,,,,,,,,,,,,,,,,,,,,,,,,,,,,,,,,,,,,,,,,,,,,,,,,,,,1252.669588066,1257.5970015869998,,,,,,,022222,1,3,0,1,1,1,1,0,50,2022_Feb_22_0950,listening_fmri,3.2.4,59.85871332399819,
,6,parcelated_audio/44/44_23.ogg,,,,,,,,,0,0,0,0,0,6,6,6,0,0,0,0,,,,,,,,,,,,,0,0,0,0,0,22,22,22,,,,,,,,,,,,,,,,,,,,,,,,,,,,,,,,,,,,,,,,,,,,,,,,,,,,,,,,,,,,,,,,,,,,,,,,,,,,,,,,,,,,,,,,,,,,,,,,,,,,,,,,,,,,,,,,,,,,,,,,,,,,,,,,,,,,,,,,,,,,,,,,,,,,,,,,,,,,,,,,,,,,,,1257.5973664979997,1264.342399697,,,,,,,022222,1,3,0,1,1,1,1,0,50,2022_Feb_22_0950,listening_fmri,3.2.4,59.85871332399819,
,6,parcelated_audio/44/44_24.ogg,,,,,,,,,0,0,0,0,0,6,6,6,0,0,0,0,,,,,,,,,,,,,0,0,0,0,0,23,23,23,,,,,,,,,,,,,,,,,,,,,,,,,,,,,,,,,,,,,,,,,,,,,,,,,,,,,,,,,,,,,,,,,,,,,,,,,,,,,,,,,,,,,,,,,,,,,,,,,,,,,,,,,,,,,,,,,,,,,,,,,,,,,,,,,,,,,,,,,,,,,,,,,,,,,,,,,,,,,,,,,,,,,,1264.342759269,1273.0811556429999,,,,,,,022222,1,3,0,1,1,1,1,0,50,2022_Feb_22_0950,listening_fmri,3.2.4,59.85871332399819,
,6,parcelated_audio/44/44_25.ogg,,,,,,,,,0,0,0,0,0,6,6,6,0,0,0,0,,,,,,,,,,,,,0,0,0,0,0,24,24,24,,,,,,,,,,,,,,,,,,,,,,,,,,,,,,,,,,,,,,,,,,,,,,,,,,,,,,,,,,,,,,,,,,,,,,,,,,,,,,,,,,,,,,,,,,,,,,,,,,,,,,,,,,,,,,,,,,,,,,,,,,,,,,,,,,,,,,,,,,,,,,,,,,,,,,,,,,,,,,,,,,,,,,1273.081617759,1279.3884676109997,,,,,,,022222,1,3,0,1,1,1,1,0,50,2022_Feb_22_0950,listening_fmri,3.2.4,59.85871332399819,
,6,parcelated_audio/44/44_26.ogg,,,,,,,,,0,0,0,0,0,6,6,6,0,0,0,0,,,,,,,,,,,,,0,0,0,0,0,25,25,25,,,,,,,,,,,,,,,,,,,,,,,,,,,,,,,,,,,,,,,,,,,,,,,,,,,,,,,,,,,,,,,,,,,,,,,,,,,,,,,,,,,,,,,,,,,,,,,,,,,,,,,,,,,,,,,,,,,,,,,,,,,,,,,,,,,,,,,,,,,,,,,,,,,,,,,,,,,,,,,,,,,,,,1279.388780501,1284.242965547,,,,,,,022222,1,3,0,1,1,1,1,0,50,2022_Feb_22_0950,listening_fmri,3.2.4,59.85871332399819,
,6,parcelated_audio/44/44_27.ogg,,,,,,,,,0,0,0,0,0,6,6,6,0,0,0,0,,,,,,,,,,,,,0,0,0,0,0,26,26,26,,,,,,,,,,,,,,,,,,,,,,,,,,,,,,,,,,,,,,,,,,,,,,,,,,,,,,,,,,,,,,,,,,,,,,,,,,,,,,,,,,,,,,,,,,,,,,,,,,,,,,,,,,,,,,,,,,,,,,,,,,,,,,,,,,,,,,,,,,,,,,,,,,,,,,,,,,,,,,,,,,,,,,1284.2434369069997,1291.2351373789998,,,,,,,022222,1,3,0,1,1,1,1,0,50,2022_Feb_22_0950,listening_fmri,3.2.4,59.85871332399819,
,6,parcelated_audio/44/44_28.ogg,,,,,,,,,0,0,0,0,0,6,6,6,0,0,0,0,,,,,,,,,,,,,0,0,0,0,0,27,27,27,,,,,,,,,,,,,,,,,,,,,,,,,,,,,,,,,,,,,,,,,,,,,,,,,,,,,,,,,,,,,,,,,,,,,,,,,,,,,,,,,,,,,,,,,,,,,,,,,,,,,,,,,,,,,,,,,,,,,,,,,,,,,,,,,,,,,,,,,,,,,,,,,,,,,,,,,,,,,,,,,,,,,,1291.2355971479997,1302.5131155899999,,,,,,,022222,1,3,0,1,1,1,1,0,50,2022_Feb_22_0950,listening_fmri,3.2.4,59.85871332399819,
,6,,,,,,,,,,0,0,0,0,0,6,6,6,0,0,0,0,,,,,,,,,,,,,0,0,0,0,,,,,,,,,,,,,,,,,,,,,,,,,,,,,,,,,,,,,,,,,,,,,,,,,,,,,,,,,,,,,,,,,,,,,,,,,,,,,,,,,,,,,,,,,,,,,,,,,,,,,,,,,,,,,,,,,,,,,,,,,,,,,,,,,,,,,,,,,,,,,,,,,,,,,,,,,,,,,,,,,,,,,,,,,,,,,,,,,,022222,1,3,0,1,1,1,1,0,50,2022_Feb_22_0950,listening_fmri,3.2.4,59.85871332399819,
,6,,,,,,,,,,0,0,0,0,0,6,6,6,0,0,0,0,,,,,,,,,,,,,,,,,,,,,,,,,,,,,,,,,,,,,,,,,,,,,,,,,,,,,,,,,,,,,,,,,,,,,,,,,,,,,,,,,,,,,,,,,,,,,,,,,,,,,,,,,,,,,,,,,,,,1302.513629433,1308.5088920549997,1404.931283628,None,,,,,,,,,,,,,,,,,,,,,,,,,,,,,,,,,,,,,,,,,,,,,,,,,,,,,,,,,,,,,,,,,,,,,1410.931844797,None,1410.931844797,None,,,022222,1,3,0,1,1,1,1,0,50,2022_Feb_22_0950,listening_fmri,3.2.4,59.85871332399819,
,6,,,,,,,,,,0,0,0,0,0,6,6,6,,,,,,,,,,,,,,,,,,,,,,,,,,,,,,,,,,,,,,,,,,,,,,,,,,,,,,,,,,,,,,,,,,,,,,,,,,,,,,,,,,,,,,,,,,,,,,,,,,,,,,,,,,,,,,,,,,,,,,,,,,,,,,,,,,,,,,,,,,,,,,,,,,,,,,,,,,,,,,,,,,,,,,,,,,,,,,,,,,,,,,,,,,,,,,,,,,,,,,022222,1,3,0,1,1,1,1,0,50,2022_Feb_22_0950,listening_fmri,3.2.4,59.85871332399819,
,7,,,,,,,,,,0,0,0,0,0,7,7,7,0,0,0,0,0,0,0,0,0,0,0,0,,,,,,,,,,,,,,,,,,,,,,,,,,,,,,,,,,,,,,,,,,,,,,,,,,,,,,,,,,,,,,,,,,,,,,,,,,,,,,,,,,,,,,,,,,,,,,,,,,,,,,,,,,,,,,,,1411.972671421,None,2,0.620306986000287,1411.972671421,None,1411.972671421,None,1411.972671421,None,1412.6152125519998,None,2,0.6777627559999928,1412.6152125519998,None,1412.6152125519998,None,1413.331523752,None,1413.331523752,None,1413.331523752,None,2,0.6974501360000431,1413.331523752,None,1414.048517451,None,2,0.9352844969998841,1414.048517451,None,1414.048517451,None,1415.08150467,None,1415.08150467,None,1415.08150467,None,1415.08150467,None,1415.08150467,None,1415.08150467,None,1415.08150467,None,,,,,,,,,,,,,,,,,,,,,,,,,022222,1,3,0,1,1,1,1,0,50,2022_Feb_22_0950,listening_fmri,3.2.4,59.85871332399819,
,7,,,,,,,,,,0,0,0,0,0,7,7,7,0,0,0,0,0,0,0,0,,,,,,,,,,,,,,,,,,,,,,,,,,,,,,,,,,,,,,,,,,,,,,,,,,,,,,,,,,,,,,,,,,,,,,,,,,,,,,,,,,,,,,,,,,,,,,,,,,,,,,,,,,,,,,,,,,,,,,,,,,,,,,,,,,,,,,1427.971063172,None,1427.971063172,None,1427.971063172,None,3,0.6598485059998893,1427.971063172,None,,,,,,,,,,,,,,,,,,,,,,,1427.1484455670002,None,3,0.798385923999831,1427.1484455670002,None,1427.1484455670002,None,,,,,,,,,,,,,,,,,022222,1,3,0,1,1,1,1,0,50,2022_Feb_22_0950,listening_fmri,3.2.4,59.85871332399819,
,7,parcelated_audio/11/11_1.ogg,,,,,,,,,0,0,0,0,0,7,7,7,0,0,0,0,,,,,,,,,,,,,0,0,0,0,0,0,0,0,,,,,,,,,,,,,,,,,,,,,,,,,,,,,,,,,,,,,,,,,,,,,,,,,,,,,,,,,,,,,,,,,,,,,,,,,,,,,,,,,,,,,,,,,,,,,,,,,,,,,,,,,,,,,,,,,,,,,,,,,,,,,,,,,,,,,,,,,,,,,,,,,,,,,,,,,,,,,,1428.6484612069999,None,3,0.5993340490003902,1428.6484612069999,None,1326.8725263419997,1329.8751918859998,1329.8813118129997,1341.950960835,,,,,,,022222,1,3,0,1,1,1,1,0,50,2022_Feb_22_0950,listening_fmri,3.2.4,59.85871332399819,
,7,parcelated_audio/11/11_2.ogg,,,,,,,,,0,0,0,0,0,7,7,7,0,0,0,0,,,,,,,,,,,,,0,0,0,0,0,1,1,1,,,,,,,,,,,,,,,,,,,,,,,,,,,,,,,,,,,,,,,,,,,,,,,,,,,,,,,,,,,,,,,,,,,,,,,,,,,,,,,,,,,,,,,,,,,,,,,,,,,,,,,,,,,,,,,,,,,,,,,,,,,,,,,,,,,,,,,,,,,,,,,,,,,,,,,,,,,,,,,,,,,,,,1341.9514310669997,1346.436382638,,,,,,,022222,1,3,0,1,1,1,1,0,50,2022_Feb_22_0950,listening_fmri,3.2.4,59.85871332399819,
,7,parcelated_audio/11/11_3.ogg,,,,,,,,,0,0,0,0,0,7,7,7,0,0,0,0,,,,,,,,,,,,,0,0,0,0,0,2,2,2,,,,,,,,,,,,,,,,,,,,,,,,,,,,,,,,,,,,,,,,,,,,,,,,,,,,,,,,,,,,,,,,,,,,,,,,,,,,,,,,,,,,,,,,,,,,,,,,,,,,,,,,,,,,,,,,,,,,,,,,,,,,,,,,,,,,,,,,,,,,,,,,,,,,,,,,,,,,,,,,,,,,,,1346.4366457209999,1351.420984807,,,,,,,022222,1,3,0,1,1,1,1,0,50,2022_Feb_22_0950,listening_fmri,3.2.4,59.85871332399819,
,7,parcelated_audio/11/11_4.ogg,,,,,,,,,0,0,0,0,0,7,7,7,0,0,0,0,,,,,,,,,,,,,0,0,0,0,0,3,3,3,,,,,,,,,,,,,,,,,,,,,,,,,,,,,,,,,,,,,,,,,,,,,,,,,,,,,,,,,,,,,,,,,,,,,,,,,,,,,,,,,,,,,,,,,,,,,,,,,,,,,,,,,,,,,,,,,,,,,,,,,,,,,,,,,,,,,,,,,,,,,,,,,,,,,,,,,,,,,,,,,,,,,,1351.4212882809998,1360.5256781129997,,,,,,,022222,1,3,0,1,1,1,1,0,50,2022_Feb_22_0950,listening_fmri,3.2.4,59.85871332399819,
,7,parcelated_audio/11/11_5.ogg,,,,,,,,,0,0,0,0,0,7,7,7,0,0,0,0,,,,,,,,,,,,,0,0,0,0,0,4,4,4,,,,,,,,,,,,,,,,,,,,,,,,,,,,,,,,,,,,,,,,,,,,,,,,,,,,,,,,,,,,,,,,,,,,,,,,,,,,,,,,,,,,,,,,,,,,,,,,,,,,,,,,,,,,,,,,,,,,,,,,,,,,,,,,,,,,,,,,,,,,,,,,,,,,,,,,,,,,,,,,,,,,,,1360.526488638,1366.2925221249998,,,,,,,022222,1,3,0,1,1,1,1,0,50,2022_Feb_22_0950,listening_fmri,3.2.4,59.85871332399819,
,7,parcelated_audio/11/11_6.ogg,,,,,,,,,0,0,0,0,0,7,7,7,0,0,0,0,,,,,,,,,,,,,0,0,0,0,0,5,5,5,,,,,,,,,,,,,,,,,,,,,,,,,,,,,,,,,,,,,,,,,,,,,,,,,,,,,,,,,,,,,,,,,,,,,,,,,,,,,,,,,,,,,,,,,,,,,,,,,,,,,,,,,,,,,,,,,,,,,,,,,,,,,,,,,,,,,,,,,,,,,,,,,,,,,,,,,,,,,,,,,,,,,,1366.2930933499997,1370.8923474869998,,,,,,,022222,1,3,0,1,1,1,1,0,50,2022_Feb_22_0950,listening_fmri,3.2.4,59.85871332399819,
,7,parcelated_audio/11/11_7.ogg,,,,,,,,,0,0,0,0,0,7,7,7,0,0,0,0,,,,,,,,,,,,,0,0,0,0,0,6,6,6,,,,,,,,,,,,,,,,,,,,,,,,,,,,,,,,,,,,,,,,,,,,,,,,,,,,,,,,,,,,,,,,,,,,,,,,,,,,,,,,,,,,,,,,,,,,,,,,,,,,,,,,,,,,,,,,,,,,,,,,,,,,,,,,,,,,,,,,,,,,,,,,,,,,,,,,,,,,,,,,,,,,,,1370.8927003939998,1377.4310368799997,,,,,,,022222,1,3,0,1,1,1,1,0,50,2022_Feb_22_0950,listening_fmri,3.2.4,59.85871332399819,
,7,parcelated_audio/11/11_8.ogg,,,,,,,,,0,0,0,0,0,7,7,7,0,0,0,0,,,,,,,,,,,,,0,0,0,0,0,7,7,7,,,,,,,,,,,,,,,,,,,,,,,,,,,,,,,,,,,,,,,,,,,,,,,,,,,,,,,,,,,,,,,,,,,,,,,,,,,,,,,,,,,,,,,,,,,,,,,,,,,,,,,,,,,,,,,,,,,,,,,,,,,,,,,,,,,,,,,,,,,,,,,,,,,,,,,,,,,,,,,,,,,,,,1377.431938968,1383.204568746,,,,,,,022222,1,3,0,1,1,1,1,0,50,2022_Feb_22_0950,listening_fmri,3.2.4,59.85871332399819,
,7,parcelated_audio/11/11_9.ogg,,,,,,,,,0,0,0,0,0,7,7,7,0,0,0,0,,,,,,,,,,,,,0,0,0,0,0,8,8,8,,,,,,,,,,,,,,,,,,,,,,,,,,,,,,,,,,,,,,,,,,,,,,,,,,,,,,,,,,,,,,,,,,,,,,,,,,,,,,,,,,,,,,,,,,,,,,,,,,,,,,,,,,,,,,,,,,,,,,,,,,,,,,,,,,,,,,,,,,,,,,,,,,,,,,,,,,,,,,,,,,,,,,1383.204924653,1387.521576144,,,,,,,022222,1,3,0,1,1,1,1,0,50,2022_Feb_22_0950,listening_fmri,3.2.4,59.85871332399819,
,7,parcelated_audio/11/11_10.ogg,,,,,,,,,0,0,0,0,0,7,7,7,0,0,0,0,,,,,,,,,,,,,0,0,0,0,0,9,9,9,,,,,,,,,,,,,,,,,,,,,,,,,,,,,,,,,,,,,,,,,,,,,,,,,,,,,,,,,,,,,,,,,,,,,,,,,,,,,,,,,,,,,,,,,,,,,,,,,,,,,,,,,,,,,,,,,,,,,,,,,,,,,,,,,,,,,,,,,,,,,,,,,,,,,,,,,,,,,,,,,,,,,,1387.5219031379997,1392.1058751179999,,,,,,,022222,1,3,0,1,1,1,1,0,50,2022_Feb_22_0950,listening_fmri,3.2.4,59.85871332399819,
,7,parcelated_audio/11/11_11.ogg,,,,,,,,,0,0,0,0,0,7,7,7,0,0,0,0,,,,,,,,,,,,,0,0,0,0,0,10,10,10,,,,,,,,,,,,,,,,,,,,,,,,,,,,,,,,,,,,,,,,,,,,,,,,,,,,,,,,,,,,,,,,,,,,,,,,,,,,,,,,,,,,,,,,,,,,,,,,,,,,,,,,,,,,,,,,,,,,,,,,,,,,,,,,,,,,,,,,,,,,,,,,,,,,,,,,,,,,,,,,,,,,,,1392.1062368089997,1395.2871461569998,,,,,,,022222,1,3,0,1,1,1,1,0,50,2022_Feb_22_0950,listening_fmri,3.2.4,59.85871332399819,
,7,parcelated_audio/11/11_12.ogg,,,,,,,,,0,0,0,0,0,7,7,7,0,0,0,0,,,,,,,,,,,,,0,0,0,0,0,11,11,11,,,,,,,,,,,,,,,,,,,,,,,,,,,,,,,,,,,,,,,,,,,,,,,,,,,,,,,,,,,,,,,,,,,,,,,,,,,,,,,,,,,,,,,,,,,,,,,,,,,,,,,,,,,,,,,,,,,,,,,,,,,,,,,,,,,,,,,,,,,,,,,,,,,,,,,,,,,,,,,,,,,,,,1395.287626251,1398.1150593009997,,,,,,,022222,1,3,0,1,1,1,1,0,50,2022_Feb_22_0950,listening_fmri,3.2.4,59.85871332399819,
,7,parcelated_audio/11/11_13.ogg,,,,,,,,,0,0,0,0,0,7,7,7,0,0,0,0,,,,,,,,,,,,,0,0,0,0,0,12,12,12,,,,,,,,,,,,,,,,,,,,,,,,,,,,,,,,,,,,,,,,,,,,,,,,,,,,,,,,,,,,,,,,,,,,,,,,,,,,,,,,,,,,,,,,,,,,,,,,,,,,,,,,,,,,,,,,,,,,,,,,,,,,,,,,,,,,,,,,,,,,,,,,,,,,,,,,,,,,,,,,,,,,,,1398.115421691,1401.4417702759997,,,,,,,022222,1,3,0,1,1,1,1,0,50,2022_Feb_22_0950,listening_fmri,3.2.4,59.85871332399819,
,7,parcelated_audio/11/11_14.ogg,,,,,,,,,0,0,0,0,0,7,7,7,0,0,0,0,,,,,,,,,,,,,0,0,0,0,0,13,13,13,,,,,,,,,,,,,,,,,,,,,,,,,,,,,,,,,,,,,,,,,,,,,,,,,,,,,,,,,,,,,,,,,,,,,,,,,,,,,,,,,,,,,,,,,,,,,,,,,,,,,,,,,,,,,,,,,,,,,,,,,,,,,,,,,,,,,,,,,,,,,,,,,,,,,,,,,,,,,,,,,,,,,,1401.4422806439998,1404.1395169879997,,,,,,,022222,1,3,0,1,1,1,1,0,50,2022_Feb_22_0950,listening_fmri,3.2.4,59.85871332399819,
,7,parcelated_audio/11/11_15.ogg,,,,,,,,,0,0,0,0,0,7,7,7,0,0,0,0,,,,,,,,,,,,,0,0,0,0,0,14,14,14,,,,,,,,,,,,,,,,,,,,,,,,,,,,,,,,,,,,,,,,,,,,,,,,,,,,,,,,,,,,,,,,,,,,,,,,,,,,,,,,,,,,,,,,,,,,,,,,,,,,,,,,,,,,,,,,,,,,,,,,,,,,,,,,,,,,,,,,,,,,,,,,,,,,,,,,,,,,,,,,,,,,,,1404.139835468,1415.314501382,,,,,,,022222,1,3,0,1,1,1,1,0,50,2022_Feb_22_0950,listening_fmri,3.2.4,59.85871332399819,
,7,parcelated_audio/11/11_16.ogg,,,,,,,,,0,0,0,0,0,7,7,7,0,0,0,0,,,,,,,,,,,,,0,0,0,0,0,15,15,15,,,,,,,,,,,,,,,,,,,,,,,,,,,,,,,,,,,,,,,,,,,,,,,,,,,,,,,,,,,,,,,,,,,,,,,,,,,,,,,,,,,,,,,,,,,,,,,,,,,,,,,,,,,,,,,,,,,,,,,,,,,,,,,,,,,,,,,,,,,,,,,,,,,,,,,,,,,,,,,,,,,,,,1415.3149057689998,1418.3130496069998,,,,,,,022222,1,3,0,1,1,1,1,0,50,2022_Feb_22_0950,listening_fmri,3.2.4,59.85871332399819,
,7,parcelated_audio/11/11_17.ogg,,,,,,,,,0,0,0,0,0,7,7,7,0,0,0,0,,,,,,,,,,,,,0,0,0,0,0,16,16,16,,,,,,,,,,,,,,,,,,,,,,,,,,,,,,,,,,,,,,,,,,,,,,,,,,,,,,,,,,,,,,,,,,,,,,,,,,,,,,,,,,,,,,,,,,,,,,,,,,,,,,,,,,,,,,,,,,,,,,,,,,,,,,,,,,,,,,,,,,,,,,,,,,,,,,,,,,,,,,,,,,,,,,1418.3133920629998,1425.301998032,,,,,,,022222,1,3,0,1,1,1,1,0,50,2022_Feb_22_0950,listening_fmri,3.2.4,59.85871332399819,
,7,parcelated_audio/11/11_18.ogg,,,,,,,,,0,0,0,0,0,7,7,7,0,0,0,0,,,,,,,,,,,,,0,0,0,0,0,17,17,17,,,,,,,,,,,,,,,,,,,,,,,,,,,,,,,,,,,,,,,,,,,,,,,,,,,,,,,,,,,,,,,,,,,,,,,,,,,,,,,,,,,,,,,,,,,,,,,,,,,,,,,,,,,,,,,,,,,,,,,,,,,,,,,,,,,,,,,,,,,,,,,,,,,,,,,,,,,,,,,,,,,,,,1425.302361041,1432.764192571,,,,,,,022222,1,3,0,1,1,1,1,0,50,2022_Feb_22_0950,listening_fmri,3.2.4,59.85871332399819,
,7,parcelated_audio/11/11_19.ogg,,,,,,,,,0,0,0,0,0,7,7,7,0,0,0,0,,,,,,,,,,,,,0,0,0,0,0,18,18,18,,,,,,,,,,,,,,,,,,,,,,,,,,,,,,,,,,,,,,,,,,,,,,,,,,,,,,,,,,,,,,,,,,,,,,,,,,,,,,,,,,,,,,,,,,,,,,,,,,,,,,,,,,,,,,,,,,,,,,,,,,,,,,,,,,,,,,,,,,,,,,,,,,,,,,,,,,,,,,,,,,,,,,1432.7646616949996,1437.4391571299998,,,,,,,022222,1,3,0,1,1,1,1,0,50,2022_Feb_22_0950,listening_fmri,3.2.4,59.85871332399819,
,7,parcelated_audio/11/11_20.ogg,,,,,,,,,0,0,0,0,0,7,7,7,0,0,0,0,,,,,,,,,,,,,0,0,0,0,0,19,19,19,,,,,,,,,,,,,,,,,,,,,,,,,,,,,,,,,,,,,,,,,,,,,,,,,,,,,,,,,,,,,,,,,,,,,,,,,,,,,,,,,,,,,,,,,,,,,,,,,,,,,,,,,,,,,,,,,,,,,,,,,,,,,,,,,,,,,,,,,,,,,,,,,,,,,,,,,,,,,,,,,,,,,,1437.4395154229996,1442.3610530399997,,,,,,,022222,1,3,0,1,1,1,1,0,50,2022_Feb_22_0950,listening_fmri,3.2.4,59.85871332399819,
,7,parcelated_audio/11/11_21.ogg,,,,,,,,,0,0,0,0,0,7,7,7,0,0,0,0,,,,,,,,,,,,,0,0,0,0,0,20,20,20,,,,,,,,,,,,,,,,,,,,,,,,,,,,,,,,,,,,,,,,,,,,,,,,,,,,,,,,,,,,,,,,,,,,,,,,,,,,,,,,,,,,,,,,,,,,,,,,,,,,,,,,,,,,,,,,,,,,,,,,,,,,,,,,,,,,,,,,,,,,,,,,,,,,,,,,,,,,,,,,,,,,,,1442.3614155399996,1451.1305985659997,,,,,,,022222,1,3,0,1,1,1,1,0,50,2022_Feb_22_0950,listening_fmri,3.2.4,59.85871332399819,
,7,parcelated_audio/11/11_22.ogg,,,,,,,,,0,0,0,0,0,7,7,7,0,0,0,0,,,,,,,,,,,,,0,0,0,0,0,21,21,21,,,,,,,,,,,,,,,,,,,,,,,,,,,,,,,,,,,,,,,,,,,,,,,,,,,,,,,,,,,,,,,,,,,,,,,,,,,,,,,,,,,,,,,,,,,,,,,,,,,,,,,,,,,,,,,,,,,,,,,,,,,,,,,,,,,,,,,,,,,,,,,,,,,,,,,,,,,,,,,,,,,,,,1451.131021103,1454.4139302909998,,,,,,,022222,1,3,0,1,1,1,1,0,50,2022_Feb_22_0950,listening_fmri,3.2.4,59.85871332399819,
,7,parcelated_audio/11/11_23.ogg,,,,,,,,,0,0,0,0,0,7,7,7,0,0,0,0,,,,,,,,,,,,,0,0,0,0,0,22,22,22,,,,,,,,,,,,,,,,,,,,,,,,,,,,,,,,,,,,,,,,,,,,,,,,,,,,,,,,,,,,,,,,,,,,,,,,,,,,,,,,,,,,,,,,,,,,,,,,,,,,,,,,,,,,,,,,,,,,,,,,,,,,,,,,,,,,,,,,,,,,,,,,,,,,,,,,,,,,,,,,,,,,,,1454.414294146,1459.1981671869999,,,,,,,022222,1,3,0,1,1,1,1,0,50,2022_Feb_22_0950,listening_fmri,3.2.4,59.85871332399819,
,7,parcelated_audio/11/11_24.ogg,,,,,,,,,0,0,0,0,0,7,7,7,0,0,0,0,,,,,,,,,,,,,0,0,0,0,0,23,23,23,,,,,,,,,,,,,,,,,,,,,,,,,,,,,,,,,,,,,,,,,,,,,,,,,,,,,,,,,,,,,,,,,,,,,,,,,,,,,,,,,,,,,,,,,,,,,,,,,,,,,,,,,,,,,,,,,,,,,,,,,,,,,,,,,,,,,,,,,,,,,,,,,,,,,,,,,,,,,,,,,,,,,,1459.1985341,1462.821642372,,,,,,,022222,1,3,0,1,1,1,1,0,50,2022_Feb_22_0950,listening_fmri,3.2.4,59.85871332399819,
,7,parcelated_audio/11/11_25.ogg,,,,,,,,,0,0,0,0,0,7,7,7,0,0,0,0,,,,,,,,,,,,,0,0,0,0,0,24,24,24,,,,,,,,,,,,,,,,,,,,,,,,,,,,,,,,,,,,,,,,,,,,,,,,,,,,,,,,,,,,,,,,,,,,,,,,,,,,,,,,,,,,,,,,,,,,,,,,,,,,,,,,,,,,,,,,,,,,,,,,,,,,,,,,,,,,,,,,,,,,,,,,,,,,,,,,,,,,,,,,,,,,,,1462.8220068689998,1467.5623277209997,,,,,,,022222,1,3,0,1,1,1,1,0,50,2022_Feb_22_0950,listening_fmri,3.2.4,59.85871332399819,
,7,parcelated_audio/11/11_26.ogg,,,,,,,,,0,0,0,0,0,7,7,7,0,0,0,0,,,,,,,,,,,,,0,0,0,0,0,25,25,25,,,,,,,,,,,,,,,,,,,,,,,,,,,,,,,,,,,,,,,,,,,,,,,,,,,,,,,,,,,,,,,,,,,,,,,,,,,,,,,,,,,,,,,,,,,,,,,,,,,,,,,,,,,,,,,,,,,,,,,,,,,,,,,,,,,,,,,,,,,,,,,,,,,,,,,,,,,,,,,,,,,,,,1467.5626521189997,1472.5470452619998,,,,,,,022222,1,3,0,1,1,1,1,0,50,2022_Feb_22_0950,listening_fmri,3.2.4,59.85871332399819,
,7,parcelated_audio/11/11_27.ogg,,,,,,,,,0,0,0,0,0,7,7,7,0,0,0,0,,,,,,,,,,,,,0,0,0,0,0,26,26,26,,,,,,,,,,,,,,,,,,,,,,,,,,,,,,,,,,,,,,,,,,,,,,,,,,,,,,,,,,,,,,,,,,,,,,,,,,,,,,,,,,,,,,,,,,,,,,,,,,,,,,,,,,,,,,,,,,,,,,,,,,,,,,,,,,,,,,,,,,,,,,,,,,,,,,,,,,,,,,,,,,,,,,1472.547406957,1476.52117309,,,,,,,022222,1,3,0,1,1,1,1,0,50,2022_Feb_22_0950,listening_fmri,3.2.4,59.85871332399819,
,7,parcelated_audio/11/11_28.ogg,,,,,,,,,0,0,0,0,0,7,7,7,0,0,0,0,,,,,,,,,,,,,0,0,0,0,0,27,27,27,,,,,,,,,,,,,,,,,,,,,,,,,,,,,,,,,,,,,,,,,,,,,,,,,,,,,,,,,,,,,,,,,,,,,,,,,,,,,,,,,,,,,,,,,,,,,,,,,,,,,,,,,,,,,,,,,,,,,,,,,,,,,,,,,,,,,,,,,,,,,,,,,,,,,,,,,,,,,,,,,,,,,,1476.521536276,1480.0450365039997,,,,,,,022222,1,3,0,1,1,1,1,0,50,2022_Feb_22_0950,listening_fmri,3.2.4,59.85871332399819,
,7,parcelated_audio/11/11_29.ogg,,,,,,,,,0,0,0,0,0,7,7,7,0,0,0,0,,,,,,,,,,,,,0,0,0,0,0,28,28,28,,,,,,,,,,,,,,,,,,,,,,,,,,,,,,,,,,,,,,,,,,,,,,,,,,,,,,,,,,,,,,,,,,,,,,,,,,,,,,,,,,,,,,,,,,,,,,,,,,,,,,,,,,,,,,,,,,,,,,,,,,,,,,,,,,,,,,,,,,,,,,,,,,,,,,,,,,,,,,,,,,,,,,1480.045471729,1484.226010593,,,,,,,022222,1,3,0,1,1,1,1,0,50,2022_Feb_22_0950,listening_fmri,3.2.4,59.85871332399819,
,7,parcelated_audio/11/11_30.ogg,,,,,,,,,0,0,0,0,0,7,7,7,0,0,0,0,,,,,,,,,,,,,0,0,0,0,0,29,29,29,,,,,,,,,,,,,,,,,,,,,,,,,,,,,,,,,,,,,,,,,,,,,,,,,,,,,,,,,,,,,,,,,,,,,,,,,,,,,,,,,,,,,,,,,,,,,,,,,,,,,,,,,,,,,,,,,,,,,,,,,,,,,,,,,,,,,,,,,,,,,,,,,,,,,,,,,,,,,,,,,,,,,,1484.226292066,1488.745051078,,,,,,,022222,1,3,0,1,1,1,1,0,50,2022_Feb_22_0950,listening_fmri,3.2.4,59.85871332399819,
,7,parcelated_audio/11/11_31.ogg,,,,,,,,,0,0,0,0,0,7,7,7,0,0,0,0,,,,,,,,,,,,,0,0,0,0,0,30,30,30,,,,,,,,,,,,,,,,,,,,,,,,,,,,,,,,,,,,,,,,,,,,,,,,,,,,,,,,,,,,,,,,,,,,,,,,,,,,,,,,,,,,,,,,,,,,,,,,,,,,,,,,,,,,,,,,,,,,,,,,,,,,,,,,,,,,,,,,,,,,,,,,,,,,,,,,,,,,,,,,,,,,,,1488.745827584,1493.5885217539999,,,,,,,022222,1,3,0,1,1,1,1,0,50,2022_Feb_22_0950,listening_fmri,3.2.4,59.85871332399819,
,7,parcelated_audio/11/11_32.ogg,,,,,,,,,0,0,0,0,0,7,7,7,0,0,0,0,,,,,,,,,,,,,0,0,0,0,0,31,31,31,,,,,,,,,,,,,,,,,,,,,,,,,,,,,,,,,,,,,,,,,,,,,,,,,,,,,,,,,,,,,,,,,,,,,,,,,,,,,,,,,,,,,,,,,,,,,,,,,,,,,,,,,,,,,,,,,,,,,,,,,,,,,,,,,,,,,,,,,,,,,,,,,,,,,,,,,,,,,,,,,,,,,,1493.588868076,1497.6530720859996,,,,,,,022222,1,3,0,1,1,1,1,0,50,2022_Feb_22_0950,listening_fmri,3.2.4,59.85871332399819,
,7,parcelated_audio/11/11_33.ogg,,,,,,,,,0,0,0,0,0,7,7,7,0,0,0,0,,,,,,,,,,,,,0,0,0,0,0,32,32,32,,,,,,,,,,,,,,,,,,,,,,,,,,,,,,,,,,,,,,,,,,,,,,,,,,,,,,,,,,,,,,,,,,,,,,,,,,,,,,,,,,,,,,,,,,,,,,,,,,,,,,,,,,,,,,,,,,,,,,,,,,,,,,,,,,,,,,,,,,,,,,,,,,,,,,,,,,,,,,,,,,,,,,1497.653558903,1500.1929350839996,,,,,,,022222,1,3,0,1,1,1,1,0,50,2022_Feb_22_0950,listening_fmri,3.2.4,59.85871332399819,
,7,parcelated_audio/11/11_34.ogg,,,,,,,,,0,0,0,0,0,7,7,7,0,0,0,0,,,,,,,,,,,,,0,0,0,0,0,33,33,33,,,,,,,,,,,,,,,,,,,,,,,,,,,,,,,,,,,,,,,,,,,,,,,,,,,,,,,,,,,,,,,,,,,,,,,,,,,,,,,,,,,,,,,,,,,,,,,,,,,,,,,,,,,,,,,,,,,,,,,,,,,,,,,,,,,,,,,,,,,,,,,,,,,,,,,,,,,,,,,,,,,,,,1500.193296217,1503.497873503,,,,,,,022222,1,3,0,1,1,1,1,0,50,2022_Feb_22_0950,listening_fmri,3.2.4,59.85871332399819,
,7,parcelated_audio/11/11_35.ogg,,,,,,,,,0,0,0,0,0,7,7,7,0,0,0,0,,,,,,,,,,,,,0,0,0,0,0,34,34,34,,,,,,,,,,,,,,,,,,,,,,,,,,,,,,,,,,,,,,,,,,,,,,,,,,,,,,,,,,,,,,,,,,,,,,,,,,,,,,,,,,,,,,,,,,,,,,,,,,,,,,,,,,,,,,,,,,,,,,,,,,,,,,,,,,,,,,,,,,,,,,,,,,,,,,,,,,,,,,,,,,,,,,1503.4982351939998,1507.8637905839996,,,,,,,022222,1,3,0,1,1,1,1,0,50,2022_Feb_22_0950,listening_fmri,3.2.4,59.85871332399819,
,7,parcelated_audio/11/11_36.ogg,,,,,,,,,0,0,0,0,0,7,7,7,0,0,0,0,,,,,,,,,,,,,0,0,0,0,0,35,35,35,,,,,,,,,,,,,,,,,,,,,,,,,,,,,,,,,,,,,,,,,,,,,,,,,,,,,,,,,,,,,,,,,,,,,,,,,,,,,,,,,,,,,,,,,,,,,,,,,,,,,,,,,,,,,,,,,,,,,,,,,,,,,,,,,,,,,,,,,,,,,,,,,,,,,,,,,,,,,,,,,,,,,,1507.864158552,1516.8739326269997,,,,,,,022222,1,3,0,1,1,1,1,0,50,2022_Feb_22_0950,listening_fmri,3.2.4,59.85871332399819,
,7,parcelated_audio/11/11_37.ogg,,,,,,,,,0,0,0,0,0,7,7,7,0,0,0,0,,,,,,,,,,,,,0,0,0,0,0,36,36,36,,,,,,,,,,,,,,,,,,,,,,,,,,,,,,,,,,,,,,,,,,,,,,,,,,,,,,,,,,,,,,,,,,,,,,,,,,,,,,,,,,,,,,,,,,,,,,,,,,,,,,,,,,,,,,,,,,,,,,,,,,,,,,,,,,,,,,,,,,,,,,,,,,,,,,,,,,,,,,,,,,,,,,1516.8742960119998,1521.047126601,,,,,,,022222,1,3,0,1,1,1,1,0,50,2022_Feb_22_0950,listening_fmri,3.2.4,59.85871332399819,
,7,parcelated_audio/11/11_38.ogg,,,,,,,,,0,0,0,0,0,7,7,7,0,0,0,0,,,,,,,,,,,,,0,0,0,0,0,37,37,37,,,,,,,,,,,,,,,,,,,,,,,,,,,,,,,,,,,,,,,,,,,,,,,,,,,,,,,,,,,,,,,,,,,,,,,,,,,,,,,,,,,,,,,,,,,,,,,,,,,,,,,,,,,,,,,,,,,,,,,,,,,,,,,,,,,,,,,,,,,,,,,,,,,,,,,,,,,,,,,,,,,,,,1521.047640321,1527.2071065199998,,,,,,,022222,1,3,0,1,1,1,1,0,50,2022_Feb_22_0950,listening_fmri,3.2.4,59.85871332399819,
,7,parcelated_audio/11/11_39.ogg,,,,,,,,,0,0,0,0,0,7,7,7,0,0,0,0,,,,,,,,,,,,,0,0,0,0,0,38,38,38,,,,,,,,,,,,,,,,,,,,,,,,,,,,,,,,,,,,,,,,,,,,,,,,,,,,,,,,,,,,,,,,,,,,,,,,,,,,,,,,,,,,,,,,,,,,,,,,,,,,,,,,,,,,,,,,,,,,,,,,,,,,,,,,,,,,,,,,,,,,,,,,,,,,,,,,,,,,,,,,,,,,,,1527.2075858829999,1532.3886457639996,,,,,,,022222,1,3,0,1,1,1,1,0,50,2022_Feb_22_0950,listening_fmri,3.2.4,59.85871332399819,
,7,parcelated_audio/11/11_40.ogg,,,,,,,,,0,0,0,0,0,7,7,7,0,0,0,0,,,,,,,,,,,,,0,0,0,0,0,39,39,39,,,,,,,,,,,,,,,,,,,,,,,,,,,,,,,,,,,,,,,,,,,,,,,,,,,,,,,,,,,,,,,,,,,,,,,,,,,,,,,,,,,,,,,,,,,,,,,,,,,,,,,,,,,,,,,,,,,,,,,,,,,,,,,,,,,,,,,,,,,,,,,,,,,,,,,,,,,,,,,,,,,,,,1532.3891176959996,1538.0580175159998,,,,,,,022222,1,3,0,1,1,1,1,0,50,2022_Feb_22_0950,listening_fmri,3.2.4,59.85871332399819,
,7,parcelated_audio/11/11_41.ogg,,,,,,,,,0,0,0,0,0,7,7,7,0,0,0,0,,,,,,,,,,,,,0,0,0,0,0,40,40,40,,,,,,,,,,,,,,,,,,,,,,,,,,,,,,,,,,,,,,,,,,,,,,,,,,,,,,,,,,,,,,,,,,,,,,,,,,,,,,,,,,,,,,,,,,,,,,,,,,,,,,,,,,,,,,,,,,,,,,,,,,,,,,,,,,,,,,,,,,,,,,,,,,,,,,,,,,,,,,,,,,,,,,1538.0585325429997,1544.2096419209997,,,,,,,022222,1,3,0,1,1,1,1,0,50,2022_Feb_22_0950,listening_fmri,3.2.4,59.85871332399819,
,7,,,,,,,,,,0,0,0,0,0,7,7,7,0,0,0,0,,,,,,,,,,,,,0,0,0,0,,,,,,,,,,,,,,,,,,,,,,,,,,,,,,,,,,,,,,,,,,,,,,,,,,,,,,,,,,,,,,,,,,,,,,,,,,,,,,,,,,,,,,,,,,,,,,,,,,,,,,,,,,,,,,,,,,,,,,,,,,,,,,,,,,,,,,,,,,,,,,,,,,,,,,,,,,,,,,,,,,,,,,,,,,,,,,,,,,022222,1,3,0,1,1,1,1,0,50,2022_Feb_22_0950,listening_fmri,3.2.4,59.85871332399819,
,7,,,,,,,,,,0,0,0,0,0,7,7,7,0,0,0,0,,,,,,,,,,,,,,,,,,,,,,,,,,,,,,,,,,,,,,,,,,,,,,,,,,,,,,,,,,,,,,,,,,,,,,,,,,,,,,,,,,,,,,,,,,,,,,,,,,,,,,,,,,,,,,,,,,,,1544.2101726649998,1550.2091387309997,1646.6188815669998,None,,,,,,,,,,,,,,,,,,,,,,,,,,,,,,,,,,,,,,,,,,,,,,,,,,,,,,,,,,,,,,,,,,,,,1652.6361205059998,None,1652.6361205059998,None,,,022222,1,3,0,1,1,1,1,0,50,2022_Feb_22_0950,listening_fmri,3.2.4,59.85871332399819,
,7,,,,,,,,,,0,0,0,0,0,7,7,7,,,,,,,,,,,,,,,,,,,,,,,,,,,,,,,,,,,,,,,,,,,,,,,,,,,,,,,,,,,,,,,,,,,,,,,,,,,,,,,,,,,,,,,,,,,,,,,,,,,,,,,,,,,,,,,,,,,,,,,,,,,,,,,,,,,,,,,,,,,,,,,,,,,,,,,,,,,,,,,,,,,,,,,,,,,,,,,,,,,,,,,,,,,,,,,,,,,,,,022222,1,3,0,1,1,1,1,0,50,2022_Feb_22_0950,listening_fmri,3.2.4,59.85871332399819,
,,,,,,,,,,,0,0,0,0,,,,,,,,,,,,,,,,,,,,,,,,,,,,,,,,,,,,,,,,,,,,,,,,,,,,,,,,,,,,,,,,,,,,,,,,,,,,,,,,,,,,,,,,,,,,,,,,,,,,,,,,,,,,,,,,,,,,,,,,,,,,,,,,,,,,,,,,,,,,,,,,,,,,,,,,,,,,,,,,,,,,,,,,,,,,,,,,,,,,,,,,,,,,,,,,,,,,,,,,,,022222,1,3,0,1,1,1,1,0,50,2022_Feb_22_0950,listening_fmri,3.2.4,59.85871332399819,
,,,,,,,,,,,,,,,,,,,,,,,,,,,,,,,,,,,,,,,,,,,,,,,,,,,0,0,0,0,,,,,,,,,,,,,,,,,,,,,,,,,,,,,,,,,,,,,,,,,,,,,,,,,,,,,,,,,,,,,,,,,,,,,,,,,,,,,,,,,,,,,,,,,,,,,,,,,,,,,,,,,,,,,,,,,,,,,,,,,,,,,,,,,,,,,,,,,,,,,,,,,,,,,,,,,,,,,,,,1653.6987198369998,None,022222,1,3,0,1,1,1,1,0,50,2022_Feb_22_0950,listening_fmri,3.2.4,59.85871332399819,
,,,,,,,,,,,,,,,,,,,,,,,,,,,,,,,,,,,,,,,,,,,,,,,,,,,1,0,1,0,,,,,,,,,,,,,,,,,,,,,,,,,,,,,,,,,,,,,,,,,,,,,,,,,,,,,,,,,,,,,,,,,,,,,,,,,,,,,,,,,,,,,,,,,,,,,,,,,,,,,,,,,,,,,,,,,,,,,,,,,,,,,,,,,,,,,,,,,,,,,,,,,,,,,,,,,,,,,,,,1654.1317322179998,None,022222,1,3,0,1,1,1,1,0,50,2022_Feb_22_0950,listening_fmri,3.2.4,59.85871332399819,
,,,,,,,,,,,,,,,,,,,,,,,,,,,,,,,,,,,,,,,,,,,,,,,,,,,2,0,2,0,,,,,,,,,,,,,,,,,,,,,,,,,,,,,,,,,,,,,,,,,,,,,,,,,,,,,,,,,,,,,,,,,,,,,,,,,,,,,,,,,,,,,,,,,,,,,,,,,,,,,,,,,,,,,,,,,,,,,,,,,,,,,,,,,,,,,,,,,,,,,,,,,,,,,,,,,,,,,,,,1654.6313159800002,None,022222,1,3,0,1,1,1,1,0,50,2022_Feb_22_0950,listening_fmri,3.2.4,59.85871332399819,
,,,,,,,,,,,,,,,,,,,,,,,,,,,,,,,,,,,,,,,,,,,,,,,,,,,3,0,3,0,,,,,,,,,,,,,,,,,,,,,,,,,,,,,,,,,,,,,,,,,,,,,,,,,,,,,,,,,,,,,,,,,,,,,,,,,,,,,,,,,,,,,,,,,,,,,,,,,,,,,,,,,,,,,,,,,,,,,,,,,,,,,,,,,,,,,,,,,,,,,,,,,,,,,,,,,,,,,,,,1655.13130554,1655.13130554,022222,1,3,0,1,1,1,1,0,50,2022_Feb_22_0950,listening_fmri,3.2.4,59.85871332399819,
,,,,,,,,,,,,,,,,,,,,,,,,,,,,,,,,,,,,,,,,,,,,,,,,,,,4,0,4,0,,,,,,,,,,,,,,,,,,,,,,,,,,,,,,,,,,,,,,,,,,,,,,,,,,,,,,,,,,,,,,,,,,,,,,,,,,,,,,,,,,,,,,,,,,,,,,,,,,,,,,,,,,,,,,,,,,,,,,,,,,,,,,,,,,,,,,,,,,,,,,,,,,,,,,,,,,,,,,,,1655.632133736,1655.632133736,022222,1,3,0,1,1,1,1,0,50,2022_Feb_22_0950,listening_fmri,3.2.4,59.85871332399819,
